timestamp,temperature,vibration,pressure,rotation_speed,tool_wear,failure_risk
2026-04-19 12:25:51.914513,90.15,3.48,114.13,2233.73,18.58,1
2026-04-19 13:25:51.914513,66.48,5.29,111.64,2566.22,98.85,1
2026-04-19 14:25:51.914513,83.13,2.53,117.54,2457.79,161.41,1
2026-04-19 15:25:51.914513,76.16,4.15,101.22,2773.35,145.8,0
2026-04-19 16:25:51.914513,63.45,5.04,115.28,2219.19,27.38,1
2026-04-19 17:25:51.914513,79.16,6.6,93.84,2545.35,49.16,1
2026-04-19 18:25:51.914513,90.79,4.04,96.82,2227.81,177.97,1
2026-04-19 19:25:51.914513,68.21,2.89,93.87,2035.34,33.17,2
2026-04-19 20:25:51.914513,88.88,4.88,113.04,2742.99,4.5,1
2026-04-19 21:25:51.914513,68.85,2.19,109.58,2599.33,114.95,0
2026-04-19 22:25:51.914513,89.8,3.58,97.69,2247.23,179.03,1
2026-04-19 23:25:51.914513,83.19,7.8,96.96,2635.89,27.2,1
2026-04-20 00:25:51.914513,64.11,7.56,96.69,2690.75,187.31,1
2026-04-20 01:25:51.914513,80.17,7.36,112.18,2154.29,144.66,1
2026-04-20 02:25:51.914513,64.88,4.19,91.77,2588.98,184.24,1
2026-04-20 03:25:51.914513,76.93,5.09,109.72,2735.05,90.55,1
2026-04-20 04:25:51.914513,67.26,3.98,98.2,2215.72,109.32,1
2026-04-20 05:25:51.914513,77.79,6.65,94.85,2559.81,5.69,1
2026-04-20 06:25:51.914513,85.53,3.01,115.69,2992.32,40.99,2
2026-04-20 07:25:51.914513,70.95,4.85,102.12,2872.9,86.63,0
2026-04-20 08:25:51.914513,81.59,3.75,90.33,2238.78,28.44,1
2026-04-20 09:25:51.914513,74.0,5.61,112.73,2844.85,198.29,1
2026-04-20 10:25:51.914513,90.04,3.6,96.25,2281.73,17.26,1
2026-04-20 11:25:51.914513,89.96,6.62,119.14,2803.39,199.24,2
2026-04-20 12:25:51.914513,90.69,4.14,112.87,2475.12,13.92,1
2026-04-20 13:25:51.914513,72.51,2.21,115.97,2704.34,94.49,0
2026-04-20 14:25:51.914513,70.06,5.01,94.36,2442.38,82.67,1
2026-04-20 15:25:51.914513,93.34,6.12,83.48,2218.12,13.77,2
2026-04-20 16:25:51.914513,80.33,5.68,117.57,2338.94,60.46,1
2026-04-20 17:25:51.914513,78.45,4.16,117.12,2589.38,3.06,0
2026-04-20 18:25:51.914513,93.17,7.13,87.91,2683.39,56.21,2
2026-04-20 19:25:51.914513,92.99,5.9,110.22,2084.64,6.49,1
2026-04-20 20:25:51.914513,80.7,7.19,100.91,2580.73,127.41,1
2026-04-20 21:25:51.914513,63.91,7.65,110.41,2987.53,145.4,1
2026-04-20 22:25:51.914513,81.16,5.58,93.28,2164.4,47.74,1
2026-04-20 23:25:51.914513,61.69,7.35,94.64,2561.41,45.31,1
2026-04-21 00:25:51.914513,71.85,3.29,116.39,2067.73,160.77,1
2026-04-21 01:25:51.914513,67.08,5.66,111.28,2156.01,15.9,1
2026-04-21 02:25:51.914513,64.64,3.25,97.19,2757.97,129.35,0
2026-04-21 03:25:51.914513,78.18,3.26,82.62,2402.45,99.78,0
2026-04-21 04:25:51.914513,75.98,2.89,94.46,2618.98,129.58,0
2026-04-21 05:25:51.914513,78.13,7.09,111.86,2578.99,37.48,1
2026-04-21 06:25:51.914513,80.84,3.84,99.91,2086.84,48.28,1
2026-04-21 07:25:51.914513,83.11,7.35,84.72,2405.55,137.92,1
2026-04-21 08:25:51.914513,94.6,6.2,86.07,2155.03,117.73,2
2026-04-21 09:25:51.914513,63.13,4.16,97.16,2412.27,77.45,0
2026-04-21 10:25:51.914513,69.64,3.21,89.54,2204.48,27.46,0
2026-04-21 11:25:51.914513,68.2,7.57,81.0,2133.1,82.79,2
2026-04-21 12:25:51.914513,86.36,2.21,117.5,2697.2,117.96,1
2026-04-21 13:25:51.914513,85.52,7.87,99.01,2407.72,35.96,2
2026-04-21 14:25:51.914513,79.77,6.2,86.67,2844.85,31.6,1
2026-04-21 15:25:51.914513,74.42,4.59,100.25,2531.39,197.38,1
2026-04-21 16:25:51.914513,83.04,2.29,108.14,2761.25,197.15,1
2026-04-21 17:25:51.914513,63.1,7.71,109.5,2237.02,68.76,1
2026-04-21 18:25:51.914513,90.82,6.84,83.54,2080.0,197.83,1
2026-04-21 19:25:51.914513,81.75,2.89,93.63,2215.3,99.6,1
2026-04-21 20:25:51.914513,89.55,4.41,88.37,2169.96,75.43,1
2026-04-21 21:25:51.914513,91.44,6.09,84.55,2515.29,197.92,2
2026-04-21 22:25:51.914513,81.35,6.57,104.5,2537.75,9.91,1
2026-04-21 23:25:51.914513,89.66,2.82,95.34,2252.75,191.79,1
2026-04-22 00:25:51.914513,88.98,7.72,116.64,2581.17,70.82,2
2026-04-22 01:25:51.914513,87.62,4.37,108.93,2077.59,97.34,1
2026-04-22 02:25:51.914513,72.28,4.23,102.31,2569.87,40.3,0
2026-04-22 03:25:51.914513,85.82,3.13,119.73,2158.13,57.83,1
2026-04-22 04:25:51.914513,66.03,5.57,100.5,2176.19,0.56,1
2026-04-22 05:25:51.914513,72.17,3.28,114.49,2090.57,177.72,1
2026-04-22 06:25:51.914513,78.87,3.57,81.91,2993.91,33.85,2
2026-04-22 07:25:51.914513,63.31,4.27,98.29,2266.24,7.62,0
2026-04-22 08:25:51.914513,91.72,3.32,119.85,2448.45,34.36,1
2026-04-22 09:25:51.914513,67.81,6.27,113.66,2402.11,130.62,1
2026-04-22 10:25:51.914513,70.95,6.73,97.18,2898.82,14.32,1
2026-04-22 11:25:51.914513,64.04,3.72,118.16,2564.43,69.77,0
2026-04-22 12:25:51.914513,85.5,3.11,112.0,2760.47,195.04,1
2026-04-22 13:25:51.914513,78.83,7.15,116.8,2125.93,92.77,1
2026-04-22 14:25:51.914513,89.36,6.37,84.86,2926.67,123.0,2
2026-04-22 15:25:51.914513,82.9,3.68,80.07,2525.63,193.12,1
2026-04-22 16:25:51.914513,86.64,5.14,98.8,2426.42,162.9,1
2026-04-22 17:25:51.914513,67.95,2.62,112.63,2594.25,147.73,0
2026-04-22 18:25:51.914513,85.28,5.76,108.49,2147.01,40.5,1
2026-04-22 19:25:51.914513,61.66,2.25,80.6,2100.33,106.71,2
2026-04-22 20:25:51.914513,82.26,7.42,116.35,2151.03,71.88,1
2026-04-22 21:25:51.914513,61.34,6.14,108.49,2664.8,9.92,1
2026-04-22 22:25:51.914513,83.7,7.18,110.41,2596.85,62.87,1
2026-04-22 23:25:51.914513,65.92,6.88,91.08,2683.82,66.29,1
2026-04-23 00:25:51.914513,70.14,5.26,118.15,2201.26,123.52,1
2026-04-23 01:25:51.914513,86.96,5.12,80.22,2892.15,185.12,1
2026-04-23 02:25:51.914513,65.71,2.53,95.17,2435.51,3.17,0
2026-04-23 03:25:51.914513,79.42,4.63,108.26,2826.36,167.61,1
2026-04-23 04:25:51.914513,65.04,5.41,116.08,2888.97,19.47,1
2026-04-23 05:25:51.914513,88.77,4.57,113.3,2088.52,189.35,1
2026-04-23 06:25:51.914513,79.14,3.58,109.46,2695.33,19.72,0
2026-04-23 07:25:51.914513,88.84,6.53,107.03,2101.87,87.02,1
2026-04-23 08:25:51.914513,89.21,7.54,119.22,2463.61,45.5,2
2026-04-23 09:25:51.914513,70.28,7.37,109.21,2940.58,90.52,1
2026-04-23 10:25:51.914513,93.93,7.07,115.77,2966.97,107.69,1
2026-04-23 11:25:51.914513,80.0,6.01,81.38,2519.99,6.22,1
2026-04-23 12:25:51.914513,94.57,5.68,84.51,2330.02,32.98,1
2026-04-23 13:25:51.914513,87.26,6.57,110.23,2155.11,87.06,2
2026-04-23 14:25:51.914513,88.36,5.82,95.82,2875.31,18.67,1
2026-04-23 15:25:51.914513,86.91,6.85,86.72,2302.05,59.57,2
2026-04-23 16:25:51.914513,80.47,2.8,80.88,2992.5,129.81,1
2026-04-23 17:25:51.914513,66.76,3.89,106.98,2364.69,84.5,1
2026-04-23 18:25:51.914513,87.19,3.29,85.62,2705.97,163.42,1
2026-04-23 19:25:51.914513,84.22,4.16,84.26,2184.72,129.96,1
2026-04-23 20:25:51.914513,94.84,5.05,88.13,2697.74,191.95,1
2026-04-23 21:25:51.914513,91.08,7.5,84.16,2023.66,129.78,2
2026-04-23 22:25:51.914513,92.15,5.07,110.29,2118.53,151.62,1
2026-04-23 23:25:51.914513,67.76,2.63,112.89,2016.26,4.22,0
2026-04-24 00:25:51.914513,78.66,5.66,111.67,2231.29,13.72,1
2026-04-24 01:25:51.914513,74.73,3.23,114.93,2459.96,187.88,1
2026-04-24 02:25:51.914513,74.03,5.73,112.43,2579.1,93.73,1
2026-04-24 03:25:51.914513,89.42,3.03,113.74,2865.93,39.81,1
2026-04-24 04:25:51.914513,83.18,4.65,86.01,2266.58,95.45,1
2026-04-24 05:25:51.914513,90.41,2.86,92.94,2404.4,187.22,1
2026-04-24 06:25:51.914513,93.71,7.5,96.37,2813.68,137.42,2
2026-04-24 07:25:51.914513,75.79,2.14,83.86,2801.78,39.93,2
2026-04-24 08:25:51.914513,73.11,6.75,93.28,2094.59,113.82,1
2026-04-24 09:25:51.914513,82.22,3.39,95.47,2304.43,189.79,1
2026-04-24 10:25:51.914513,74.16,6.16,93.93,2548.91,50.74,1
2026-04-24 11:25:51.914513,60.94,4.4,110.57,2086.22,134.13,1
2026-04-24 12:25:51.914513,88.13,2.77,97.19,2103.57,54.78,1
2026-04-24 13:25:51.914513,84.75,3.96,90.0,2700.46,99.11,1
2026-04-24 14:25:51.914513,89.09,2.16,88.45,2875.01,180.71,1
2026-04-24 15:25:51.914513,82.27,2.23,104.5,2949.66,87.36,1
2026-04-24 16:25:51.914513,72.6,5.89,119.87,2902.23,93.45,1
2026-04-24 17:25:51.914513,71.75,2.95,97.38,2986.42,8.62,2
2026-04-24 18:25:51.914513,74.78,7.02,97.77,2745.63,106.7,1
2026-04-24 19:25:51.914513,68.8,6.4,85.82,2771.66,165.7,1
2026-04-24 20:25:51.914513,86.8,3.22,90.63,2002.8,51.1,1
2026-04-24 21:25:51.914513,76.62,7.42,92.42,2814.54,151.35,1
2026-04-24 22:25:51.914513,77.64,7.61,87.85,2675.71,108.66,2
2026-04-24 23:25:51.914513,93.59,3.05,110.38,2740.07,128.07,1
2026-04-25 00:25:51.914513,90.79,3.26,81.76,2701.0,4.24,1
2026-04-25 01:25:51.914513,88.62,6.62,106.99,2180.91,120.73,2
2026-04-25 02:25:51.914513,93.64,7.05,107.49,2374.49,149.12,2
2026-04-25 03:25:51.914513,67.91,5.16,82.08,2706.09,121.79,1
2026-04-25 04:25:51.914513,87.68,3.41,104.69,2945.31,39.4,1
2026-04-25 05:25:51.914513,79.85,3.92,80.53,2194.43,100.61,0
2026-04-25 06:25:51.914513,93.81,4.74,105.78,2031.86,42.48,1
2026-04-25 07:25:51.914513,82.79,6.83,108.03,2880.67,174.45,1
2026-04-25 08:25:51.914513,94.9,5.6,91.5,2821.93,42.37,1
2026-04-25 09:25:51.914513,90.99,3.73,103.22,2779.98,148.07,1
2026-04-25 10:25:51.914513,82.49,5.46,88.74,2919.34,90.8,1
2026-04-25 11:25:51.914513,91.22,3.92,84.04,2802.01,192.61,1
2026-04-25 12:25:51.914513,78.46,3.95,114.26,2007.7,124.96,0
2026-04-25 13:25:51.914513,85.92,4.49,108.88,2917.64,181.41,1
2026-04-25 14:25:51.914513,70.29,7.61,105.32,2944.22,41.59,1
2026-04-25 15:25:51.914513,78.36,3.55,111.09,2249.87,140.74,0
2026-04-25 16:25:51.914513,83.2,2.8,83.5,2611.79,60.75,1
2026-04-25 17:25:51.914513,85.65,4.57,83.27,2544.0,64.41,1
2026-04-25 18:25:51.914513,81.97,4.85,106.87,2221.53,58.12,1
2026-04-25 19:25:51.914513,91.69,4.83,96.59,2892.52,37.81,1
2026-04-25 20:25:51.914513,85.76,6.47,116.98,2199.94,43.73,1
2026-04-25 21:25:51.914513,90.83,6.06,90.36,2424.34,53.18,1
2026-04-25 22:25:51.914513,88.5,2.79,106.12,2000.39,66.41,1
2026-04-25 23:25:51.914513,68.84,2.84,89.46,2226.38,92.83,0
2026-04-26 00:25:51.914513,61.29,3.46,104.84,2210.65,128.44,0
2026-04-26 01:25:51.914513,69.9,3.44,83.02,2188.98,34.53,2
2026-04-26 02:25:51.914513,67.26,4.36,91.22,2813.99,31.17,1
2026-04-26 03:25:51.914513,60.63,7.95,100.93,2157.78,185.66,1
2026-04-26 04:25:51.914513,65.56,3.18,105.46,2283.6,121.64,0
2026-04-26 05:25:51.914513,60.21,5.54,114.94,2180.88,69.31,1
2026-04-26 06:25:51.914513,79.17,5.01,115.97,2497.96,37.59,1
2026-04-26 07:25:51.914513,82.56,6.13,89.28,2479.24,166.31,1
2026-04-26 08:25:51.914513,87.34,4.0,95.67,2661.55,109.65,1
2026-04-26 09:25:51.914513,71.89,7.65,90.04,2673.93,122.79,1
2026-04-26 10:25:51.914513,71.78,7.94,99.99,2282.77,151.91,1
2026-04-26 11:25:51.914513,63.18,5.4,108.85,2123.23,2.71,1
2026-04-26 12:25:51.914513,75.45,2.07,80.22,2619.51,116.92,0
2026-04-26 13:25:51.914513,84.16,5.82,91.22,2071.57,35.13,1
2026-04-26 14:25:51.914513,71.44,5.25,114.94,2578.13,39.28,1
2026-04-26 15:25:51.914513,71.76,2.53,85.04,2159.12,1.78,0
2026-04-26 16:25:51.914513,92.15,3.48,102.88,2894.92,42.0,1
2026-04-26 17:25:51.914513,91.11,7.78,104.76,2645.88,18.99,2
2026-04-26 18:25:51.914513,78.85,6.26,106.07,2946.43,131.37,1
2026-04-26 19:25:51.914513,82.06,3.47,84.92,2969.73,132.75,1
2026-04-26 20:25:51.914513,74.81,2.02,102.23,2861.57,28.9,0
2026-04-26 21:25:51.914513,76.81,3.04,102.21,2281.09,168.19,1
2026-04-26 22:25:51.914513,75.02,7.1,88.62,2062.08,192.56,2
2026-04-26 23:25:51.914513,64.95,3.03,87.23,2156.24,109.33,2
2026-04-27 00:25:51.914513,62.59,6.64,97.79,2195.73,193.03,1
2026-04-27 01:25:51.914513,70.4,3.75,110.37,2496.49,126.73,0
2026-04-27 02:25:51.914513,75.33,4.41,104.63,2538.97,192.5,1
2026-04-27 03:25:51.914513,61.38,7.44,90.64,2439.33,28.31,1
2026-04-27 04:25:51.914513,75.74,3.87,103.55,2963.3,165.18,1
2026-04-27 05:25:51.914513,80.16,7.47,104.15,2851.52,32.55,1
2026-04-27 06:25:51.914513,80.53,5.17,80.86,2171.5,5.7,1
2026-04-27 07:25:51.914513,78.57,3.32,96.46,2763.12,114.48,0
2026-04-27 08:25:51.914513,60.91,2.17,95.42,2415.53,77.01,0
2026-04-27 09:25:51.914513,85.39,5.22,108.05,2229.16,18.98,1
2026-04-27 10:25:51.914513,74.98,7.3,107.81,2886.66,45.32,2
2026-04-27 11:25:51.914513,73.82,4.77,113.01,2671.9,126.31,2
2026-04-27 12:25:51.914513,80.4,5.65,90.87,2845.59,172.76,1
2026-04-27 13:25:51.914513,78.12,4.91,100.07,2137.19,193.73,1
2026-04-27 14:25:51.914513,65.99,4.03,86.39,2151.03,166.87,1
2026-04-27 15:25:51.914513,87.13,5.89,89.2,2729.38,90.16,1
2026-04-27 16:25:51.914513,85.74,3.25,86.85,2646.36,186.59,1
2026-04-27 17:25:51.914513,84.87,7.74,86.44,2210.96,47.65,1
2026-04-27 18:25:51.914513,81.6,5.93,100.5,2733.68,148.55,1
2026-04-27 19:25:51.914513,88.13,3.96,101.46,2361.64,59.54,1
2026-04-27 20:25:51.914513,73.43,6.58,84.66,2962.31,142.43,1
2026-04-27 21:25:51.914513,94.42,6.14,106.46,2322.97,169.63,2
2026-04-27 22:25:51.914513,90.47,4.33,98.73,2769.35,188.87,1
2026-04-27 23:25:51.914513,87.11,3.99,87.65,2829.48,17.97,1
2026-04-28 00:25:51.914513,75.07,2.03,92.67,2028.44,69.76,0
2026-04-28 01:25:51.914513,75.86,6.49,117.22,2384.65,95.91,1
2026-04-28 02:25:51.914513,90.75,5.69,98.09,2286.76,179.43,1
2026-04-28 03:25:51.914513,64.66,4.67,86.21,2918.39,77.78,0
2026-04-28 04:25:51.914513,86.36,5.93,112.12,2162.83,54.17,1
2026-04-28 05:25:51.914513,66.04,2.87,111.7,2236.27,121.09,0
2026-04-28 06:25:51.914513,78.75,3.68,107.06,2583.92,19.99,0
2026-04-28 07:25:51.914513,74.71,5.56,107.73,2399.61,134.67,1
2026-04-28 08:25:51.914513,69.83,5.44,110.82,2110.49,55.94,1
2026-04-28 09:25:51.914513,83.49,7.82,118.58,2408.28,8.74,1
2026-04-28 10:25:51.914513,83.56,2.37,109.2,2661.86,142.01,1
2026-04-28 11:25:51.914513,73.71,4.37,101.47,2171.12,140.15,0
2026-04-28 12:25:51.914513,69.95,4.04,91.73,2889.53,188.04,2
2026-04-28 13:25:51.914513,82.13,7.12,114.57,2720.54,42.56,1
2026-04-28 14:25:51.914513,75.56,2.71,94.41,2906.82,83.52,0
2026-04-28 15:25:51.914513,63.95,6.68,106.75,2018.26,156.32,1
2026-04-28 16:25:51.914513,82.51,2.44,102.9,2912.77,51.53,1
2026-04-28 17:25:51.914513,88.25,3.1,97.21,2734.71,165.44,1
2026-04-28 18:25:51.914513,66.08,4.31,88.27,2505.31,164.11,1
2026-04-28 19:25:51.914513,73.74,4.12,92.26,2166.22,0.02,0
2026-04-28 20:25:51.914513,79.07,5.17,116.5,2007.19,135.2,1
2026-04-28 21:25:51.914513,76.76,3.22,87.42,2090.46,63.79,0
2026-04-28 22:25:51.914513,63.24,2.73,107.23,2750.51,188.22,1
2026-04-28 23:25:51.914513,73.66,4.53,87.76,2274.4,81.29,0
2026-04-29 00:25:51.914513,79.59,4.72,93.24,2002.36,122.34,2
2026-04-29 01:25:51.914513,73.08,2.91,99.27,2323.59,73.11,0
2026-04-29 02:25:51.914513,85.72,6.24,103.24,2293.93,198.06,2
2026-04-29 03:25:51.914513,77.48,5.18,89.87,2001.05,72.36,1
2026-04-29 04:25:51.914513,77.19,7.99,81.21,2066.58,24.93,1
2026-04-29 05:25:51.914513,80.4,4.24,80.38,2866.8,150.42,1
2026-04-29 06:25:51.914513,60.67,3.11,96.46,2570.04,124.35,0
2026-04-29 07:25:51.914513,83.75,2.63,106.34,2845.98,50.95,1
2026-04-29 08:25:51.914513,88.21,4.52,113.28,2579.41,11.39,1
2026-04-29 09:25:51.914513,92.55,4.51,116.46,2736.64,96.77,1
2026-04-29 10:25:51.914513,78.61,7.77,105.91,2551.87,35.14,1
2026-04-29 11:25:51.914513,93.14,3.03,106.07,2524.69,37.04,1
2026-04-29 12:25:51.914513,82.22,5.12,92.19,2315.28,35.18,1
2026-04-29 13:25:51.914513,90.27,4.72,110.86,2913.41,116.23,1
2026-04-29 14:25:51.914513,63.02,7.46,85.6,2708.71,3.21,1
2026-04-29 15:25:51.914513,88.51,2.66,106.31,2152.34,49.31,1
2026-04-29 16:25:51.914513,85.99,2.76,103.82,2479.84,109.06,1
2026-04-29 17:25:51.914513,61.4,7.26,118.71,2098.85,115.96,1
2026-04-29 18:25:51.914513,83.31,7.64,88.07,2112.25,188.36,1
2026-04-29 19:25:51.914513,73.9,4.93,86.15,2781.69,85.41,0
2026-04-29 20:25:51.914513,78.23,4.46,105.88,2092.51,179.29,1
2026-04-29 21:25:51.914513,75.42,4.96,113.67,2643.55,76.75,0
2026-04-29 22:25:51.914513,83.75,2.14,119.47,2906.4,186.4,1
2026-04-29 23:25:51.914513,77.63,2.32,118.21,2844.64,40.51,0
2026-04-30 00:25:51.914513,83.76,6.1,119.09,2515.44,184.08,1
2026-04-30 01:25:51.914513,68.89,2.22,101.03,2228.47,50.78,0
2026-04-30 02:25:51.914513,80.76,3.08,96.99,2583.6,122.37,1
2026-04-30 03:25:51.914513,62.95,6.94,111.46,2221.33,56.96,1
2026-04-30 04:25:51.914513,78.73,3.97,110.96,2263.53,21.98,0
2026-04-30 05:25:51.914513,83.25,7.2,104.31,2185.66,130.12,1
2026-04-30 06:25:51.914513,60.14,4.71,119.97,2839.05,104.54,0
2026-04-30 07:25:51.914513,89.29,7.36,89.17,2174.96,74.19,2
2026-04-30 08:25:51.914513,84.4,6.44,84.72,2567.08,185.95,1
2026-04-30 09:25:51.914513,80.25,7.56,108.85,2156.52,11.9,1
2026-04-30 10:25:51.914513,64.57,5.5,101.87,2048.92,136.16,1
2026-04-30 11:25:51.914513,82.65,3.03,98.73,2402.27,184.16,2
2026-04-30 12:25:51.914513,73.87,7.07,107.91,2916.29,186.27,1
2026-04-30 13:25:51.914513,69.16,6.53,92.17,2783.99,76.68,1
2026-04-30 14:25:51.914513,79.14,3.93,85.61,2666.16,153.32,1
2026-04-30 15:25:51.914513,85.98,7.83,112.67,2263.55,45.31,1
2026-04-30 16:25:51.914513,82.7,7.41,91.14,2861.67,160.31,1
2026-04-30 17:25:51.914513,86.3,4.44,85.21,2928.21,131.5,1
2026-04-30 18:25:51.914513,88.36,2.0,88.03,2562.98,51.38,1
2026-04-30 19:25:51.914513,89.95,6.3,88.93,2047.73,52.31,2
2026-04-30 20:25:51.914513,72.89,6.01,104.33,2032.93,125.95,1
2026-04-30 21:25:51.914513,94.88,7.07,81.97,2315.33,101.42,2
2026-04-30 22:25:51.914513,74.43,3.74,94.51,2025.61,134.9,0
2026-04-30 23:25:51.914513,63.64,7.39,107.19,2715.47,118.22,1
2026-05-01 00:25:51.914513,80.62,4.43,103.8,2124.25,180.17,1
2026-05-01 01:25:51.914513,93.42,3.02,99.78,2432.48,40.38,1
2026-05-01 02:25:51.914513,80.59,5.49,97.58,2399.58,139.71,1
2026-05-01 03:25:51.914513,90.21,4.1,116.27,2244.73,65.48,1
2026-05-01 04:25:51.914513,77.0,7.66,118.36,2740.21,198.08,1
2026-05-01 05:25:51.914513,73.52,7.0,92.09,2626.52,12.12,1
2026-05-01 06:25:51.914513,75.65,7.21,108.66,2438.32,65.92,1
2026-05-01 07:25:51.914513,88.68,4.97,100.39,2714.63,154.77,1
2026-05-01 08:25:51.914513,84.32,6.45,100.69,2490.3,109.49,1
2026-05-01 09:25:51.914513,80.54,4.4,99.23,2534.45,84.67,1
2026-05-01 10:25:51.914513,62.09,2.76,96.05,2046.86,79.57,0
2026-05-01 11:25:51.914513,82.92,3.19,119.53,2248.49,199.23,1
2026-05-01 12:25:51.914513,62.78,7.21,96.5,2007.55,108.78,1
2026-05-01 13:25:51.914513,67.16,2.74,102.83,2832.83,163.05,1
2026-05-01 14:25:51.914513,94.41,3.78,109.6,2024.59,27.23,1
2026-05-01 15:25:51.914513,61.66,3.81,105.15,2935.8,78.44,0
2026-05-01 16:25:51.914513,87.2,2.35,88.18,2936.02,146.7,1
2026-05-01 17:25:51.914513,86.27,3.57,88.57,2445.33,9.87,1
2026-05-01 18:25:51.914513,62.34,6.63,102.37,2251.49,22.57,1
2026-05-01 19:25:51.914513,80.2,3.72,95.86,2642.37,4.58,1
2026-05-01 20:25:51.914513,92.23,2.75,119.16,2299.99,28.52,1
2026-05-01 21:25:51.914513,94.19,2.35,82.08,2274.91,188.79,1
2026-05-01 22:25:51.914513,78.64,5.2,100.01,2030.37,6.99,1
2026-05-01 23:25:51.914513,82.55,6.44,85.96,2498.09,139.74,1
2026-05-02 00:25:51.914513,90.48,2.67,83.95,2536.97,23.53,1
2026-05-02 01:25:51.914513,77.98,3.05,107.71,2262.72,150.62,1
2026-05-02 02:25:51.914513,87.53,5.72,81.22,2945.93,122.02,1
2026-05-02 03:25:51.914513,62.32,6.62,88.91,2287.73,58.27,2
2026-05-02 04:25:51.914513,73.14,3.15,88.18,2256.44,198.29,1
2026-05-02 05:25:51.914513,74.02,6.4,108.0,2754.67,69.31,1
2026-05-02 06:25:51.914513,92.55,6.21,84.47,2503.34,87.78,2
2026-05-02 07:25:51.914513,93.7,3.6,104.61,2578.45,24.75,1
2026-05-02 08:25:51.914513,94.13,6.03,96.5,2958.66,119.86,2
2026-05-02 09:25:51.914513,70.95,5.89,94.89,2339.76,13.11,1
2026-05-02 10:25:51.914513,87.08,2.47,96.45,2868.6,62.84,1
2026-05-02 11:25:51.914513,76.47,3.79,100.54,2057.01,5.38,2
2026-05-02 12:25:51.914513,72.99,5.83,101.11,2883.31,157.88,1
2026-05-02 13:25:51.914513,66.35,3.26,113.64,2035.12,139.11,0
2026-05-02 14:25:51.914513,78.84,6.41,96.33,2445.28,86.45,1
2026-05-02 15:25:51.914513,91.47,2.06,110.9,2846.73,118.44,1
2026-05-02 16:25:51.914513,61.11,4.48,91.73,2314.89,141.65,0
2026-05-02 17:25:51.914513,86.72,3.7,118.63,2823.32,198.85,1
2026-05-02 18:25:51.914513,62.38,4.34,114.84,2427.38,121.33,0
2026-05-02 19:25:51.914513,70.54,2.55,97.11,2418.95,192.55,1
2026-05-02 20:25:51.914513,66.12,7.71,117.21,2667.3,105.67,1
2026-05-02 21:25:51.914513,85.03,2.22,110.44,2970.81,187.58,1
2026-05-02 22:25:51.914513,76.99,7.58,112.85,2156.64,58.6,1
2026-05-02 23:25:51.914513,72.03,4.21,100.08,2069.08,137.75,0
2026-05-03 00:25:51.914513,93.06,5.53,107.14,2681.91,81.91,1
2026-05-03 01:25:51.914513,91.74,6.79,109.31,2168.11,108.88,2
2026-05-03 02:25:51.914513,66.75,6.3,111.7,2202.91,55.72,1
2026-05-03 03:25:51.914513,84.63,3.55,110.62,2244.77,172.81,1
2026-05-03 04:25:51.914513,76.93,6.62,87.22,2836.04,85.88,1
2026-05-03 05:25:51.914513,73.84,5.21,96.52,2669.46,97.62,1
2026-05-03 06:25:51.914513,92.72,5.88,115.35,2382.09,181.45,1
2026-05-03 07:25:51.914513,66.72,2.14,93.17,2627.53,46.0,0
2026-05-03 08:25:51.914513,75.03,3.23,107.27,2097.4,66.29,0
2026-05-03 09:25:51.914513,75.67,4.72,115.85,2872.31,166.3,1
2026-05-03 10:25:51.914513,76.5,2.2,115.59,2442.07,29.67,0
2026-05-03 11:25:51.914513,86.19,6.16,88.76,2549.77,173.37,2
2026-05-03 12:25:51.914513,68.0,6.25,96.95,2015.57,164.0,1
2026-05-03 13:25:51.914513,72.86,5.41,114.53,2524.3,125.27,1
2026-05-03 14:25:51.914513,86.38,5.52,117.6,2115.47,121.51,1
2026-05-03 15:25:51.914513,76.28,6.91,116.77,2582.82,115.98,2
2026-05-03 16:25:51.914513,92.09,5.68,80.04,2606.34,12.65,1
2026-05-03 17:25:51.914513,62.72,5.75,82.04,2891.32,162.62,1
2026-05-03 18:25:51.914513,87.33,5.68,96.41,2583.86,60.98,1
2026-05-03 19:25:51.914513,71.09,7.96,84.99,2704.38,158.8,1
2026-05-03 20:25:51.914513,72.03,3.55,108.4,2054.16,37.48,0
2026-05-03 21:25:51.914513,61.82,4.25,99.11,2405.46,114.06,1
2026-05-03 22:25:51.914513,80.29,4.15,99.61,2155.85,176.69,1
2026-05-03 23:25:51.914513,86.72,4.01,95.75,2767.48,32.11,1
2026-05-04 00:25:51.914513,61.42,7.69,119.64,2685.24,90.11,1
2026-05-04 01:25:51.914513,93.64,7.49,94.14,2628.87,181.6,2
2026-05-04 02:25:51.914513,77.51,6.45,111.61,2752.79,134.71,1
2026-05-04 03:25:51.914513,82.93,6.61,91.1,2121.3,12.64,1
2026-05-04 04:25:51.914513,93.39,3.76,108.93,2990.06,189.26,1
2026-05-04 05:25:51.914513,90.99,5.49,86.15,2131.07,7.38,1
2026-05-04 06:25:51.914513,80.6,2.96,106.62,2239.68,102.2,1
2026-05-04 07:25:51.914513,76.64,6.62,84.92,2756.23,36.1,1
2026-05-04 08:25:51.914513,61.74,7.4,110.25,2024.24,60.65,1
2026-05-04 09:25:51.914513,88.57,3.47,112.41,2309.41,118.12,2
2026-05-04 10:25:51.914513,64.92,4.98,89.96,2985.76,67.64,1
2026-05-04 11:25:51.914513,79.5,4.8,84.78,2643.36,129.24,2
2026-05-04 12:25:51.914513,83.89,4.59,86.95,2120.87,106.88,1
2026-05-04 13:25:51.914513,64.64,6.15,98.34,2603.65,44.12,1
2026-05-04 14:25:51.914513,89.69,5.67,102.04,2997.17,62.26,1
2026-05-04 15:25:51.914513,85.81,4.25,82.16,2934.71,103.8,2
2026-05-04 16:25:51.914513,90.2,7.28,111.77,2339.51,177.29,2
2026-05-04 17:25:51.914513,75.0,5.8,109.04,2893.31,63.84,1
2026-05-04 18:25:51.914513,67.19,3.42,106.78,2263.65,118.19,0
2026-05-04 19:25:51.914513,83.62,5.8,94.81,2308.14,68.08,1
2026-05-04 20:25:51.914513,71.32,3.13,115.74,2407.37,185.4,1
2026-05-04 21:25:51.914513,86.08,2.11,113.22,2853.28,78.74,1
2026-05-04 22:25:51.914513,78.02,6.1,98.87,2473.02,21.97,1
2026-05-04 23:25:51.914513,68.61,3.19,111.53,2891.3,152.49,1
2026-05-05 00:25:51.914513,83.32,7.04,94.11,2736.28,20.45,1
2026-05-05 01:25:51.914513,86.38,3.99,81.84,2670.79,24.72,1
2026-05-05 02:25:51.914513,93.26,5.69,85.11,2412.68,164.57,1
2026-05-05 03:25:51.914513,67.04,5.93,110.24,2898.85,125.92,1
2026-05-05 04:25:51.914513,80.95,6.22,118.54,2599.74,143.15,1
2026-05-05 05:25:51.914513,78.59,2.02,116.45,2077.9,161.78,1
2026-05-05 06:25:51.914513,88.16,2.78,81.91,2589.19,44.52,1
2026-05-05 07:25:51.914513,63.32,4.58,86.79,2021.49,56.21,0
2026-05-05 08:25:51.914513,91.21,6.14,115.55,2918.44,62.55,1
2026-05-05 09:25:51.914513,74.05,7.43,99.73,2612.07,190.84,1
2026-05-05 10:25:51.914513,74.42,4.08,100.96,2538.17,176.24,2
2026-05-05 11:25:51.914513,71.23,4.69,90.38,2549.58,189.4,1
2026-05-05 12:25:51.914513,63.85,4.47,84.08,2578.04,14.98,0
2026-05-05 13:25:51.914513,65.3,7.52,82.01,2000.48,109.09,1
2026-05-05 14:25:51.914513,69.75,2.07,90.16,2166.58,72.92,0
2026-05-05 15:25:51.914513,94.71,5.16,85.94,2702.25,191.07,1
2026-05-05 16:25:51.914513,60.51,3.98,82.7,2788.64,134.35,0
2026-05-05 17:25:51.914513,63.15,3.56,112.09,2690.57,76.51,0
2026-05-05 18:25:51.914513,76.66,4.96,113.35,2917.48,92.27,0
2026-05-05 19:25:51.914513,63.11,6.54,113.97,2577.22,73.77,1
2026-05-05 20:25:51.914513,80.23,6.07,112.82,2440.48,115.2,1
2026-05-05 21:25:51.914513,85.92,4.99,101.45,2453.19,116.98,1
2026-05-05 22:25:51.914513,65.37,3.55,102.65,2004.06,81.13,0
2026-05-05 23:25:51.914513,62.1,4.24,99.83,2615.19,150.39,1
2026-05-06 00:25:51.914513,64.42,3.33,96.18,2358.17,111.78,0
2026-05-06 01:25:51.914513,93.96,2.55,102.15,2098.83,103.72,1
2026-05-06 02:25:51.914513,65.49,6.82,93.57,2487.95,129.38,1
2026-05-06 03:25:51.914513,64.98,6.58,105.98,2094.04,120.63,1
2026-05-06 04:25:51.914513,72.43,4.2,84.61,2033.45,144.14,0
2026-05-06 05:25:51.914513,77.8,5.05,95.74,2441.9,99.05,1
2026-05-06 06:25:51.914513,71.65,3.01,116.47,2877.19,141.31,0
2026-05-06 07:25:51.914513,78.74,5.07,116.49,2844.15,165.27,1
2026-05-06 08:25:51.914513,70.0,6.44,105.87,2555.01,87.24,1
2026-05-06 09:25:51.914513,60.19,5.7,115.85,2541.93,142.12,1
2026-05-06 10:25:51.914513,64.82,6.57,85.07,2884.22,80.59,1
2026-05-06 11:25:51.914513,68.25,7.43,119.32,2346.2,76.41,2
2026-05-06 12:25:51.914513,80.22,5.11,87.26,2837.12,180.13,1
2026-05-06 13:25:51.914513,91.99,2.61,106.36,2656.61,10.99,1
2026-05-06 14:25:51.914513,76.05,7.14,98.59,2652.76,68.44,1
2026-05-06 15:25:51.914513,67.23,6.82,99.06,2780.02,94.18,1
2026-05-06 16:25:51.914513,81.59,3.36,118.99,2387.14,45.66,2
2026-05-06 17:25:51.914513,65.43,5.31,112.86,2060.2,30.81,1
2026-05-06 18:25:51.914513,94.84,7.85,87.98,2302.4,53.27,2
2026-05-06 19:25:51.914513,87.48,3.37,103.71,2958.1,122.77,1
2026-05-06 20:25:51.914513,81.43,7.83,97.53,2849.92,166.55,1
2026-05-06 21:25:51.914513,91.79,6.05,97.68,2586.09,65.73,2
2026-05-06 22:25:51.914513,74.52,4.49,89.43,2785.08,195.86,1
2026-05-06 23:25:51.914513,93.24,6.43,114.16,2252.52,49.11,1
2026-05-07 00:25:51.914513,84.59,2.54,107.05,2719.88,6.15,1
2026-05-07 01:25:51.914513,90.25,4.64,116.19,2132.46,107.93,1
2026-05-07 02:25:51.914513,88.34,2.38,91.15,2418.57,61.87,1
2026-05-07 03:25:51.914513,88.09,3.07,109.19,2127.02,37.13,1
2026-05-07 04:25:51.914513,66.57,6.71,94.0,2371.34,65.32,1
2026-05-07 05:25:51.914513,82.87,5.68,102.34,2114.13,134.33,1
2026-05-07 06:25:51.914513,92.9,7.61,90.71,2969.51,39.52,2
2026-05-07 07:25:51.914513,65.13,7.62,100.89,2935.71,177.78,1
2026-05-07 08:25:51.914513,74.22,7.31,95.61,2246.85,16.82,1
2026-05-07 09:25:51.914513,80.39,3.5,113.78,2107.51,90.33,1
2026-05-07 10:25:51.914513,86.42,6.39,118.94,2661.58,47.08,1
2026-05-07 11:25:51.914513,77.19,4.96,95.51,2225.43,119.56,0
2026-05-07 12:25:51.914513,70.27,4.23,116.03,2986.1,69.31,0
2026-05-07 13:25:51.914513,83.58,2.62,116.47,2679.81,41.92,1
2026-05-07 14:25:51.914513,82.59,3.35,83.7,2855.43,61.7,1
2026-05-07 15:25:51.914513,88.51,5.31,108.85,2033.05,133.98,1
2026-05-07 16:25:51.914513,65.43,3.21,107.04,2433.33,34.95,0
2026-05-07 17:25:51.914513,64.71,3.95,96.03,2081.49,97.73,0
2026-05-07 18:25:51.914513,63.24,7.19,93.34,2876.56,45.4,1
2026-05-07 19:25:51.914513,67.96,7.53,109.77,2295.19,100.31,1
2026-05-07 20:25:51.914513,92.47,3.97,82.83,2693.56,144.61,1
2026-05-07 21:25:51.914513,86.84,3.77,113.59,2829.69,86.54,2
2026-05-07 22:25:51.914513,62.48,2.22,115.82,2193.62,192.4,1
2026-05-07 23:25:51.914513,85.68,4.36,118.98,2656.53,151.4,1
2026-05-08 00:25:51.914513,93.94,3.21,101.85,2225.34,40.17,1
2026-05-08 01:25:51.914513,83.34,7.85,81.66,2289.72,3.66,1
2026-05-08 02:25:51.914513,75.79,3.53,93.5,2972.73,180.44,1
2026-05-08 03:25:51.914513,76.97,6.98,114.76,2140.7,155.08,1
2026-05-08 04:25:51.914513,73.26,7.82,89.33,2733.78,16.75,1
2026-05-08 05:25:51.914513,67.04,5.4,100.94,2575.68,112.68,1
2026-05-08 06:25:51.914513,81.76,7.57,112.26,2420.47,139.2,1
2026-05-08 07:25:51.914513,80.74,5.72,110.43,2012.11,154.5,1
2026-05-08 08:25:51.914513,64.08,6.42,107.67,2016.72,111.91,1
2026-05-08 09:25:51.914513,63.58,2.23,84.04,2316.47,189.51,1
2026-05-08 10:25:51.914513,84.7,7.07,88.92,2944.7,140.67,1
2026-05-08 11:25:51.914513,62.44,6.66,119.41,2272.95,104.78,1
2026-05-08 12:25:51.914513,64.63,6.03,102.43,2729.51,118.85,1
2026-05-08 13:25:51.914513,93.55,3.0,83.04,2685.71,126.2,1
2026-05-08 14:25:51.914513,83.35,6.14,92.23,2763.98,43.62,1
2026-05-08 15:25:51.914513,85.54,5.99,97.08,2040.45,120.93,1
2026-05-08 16:25:51.914513,74.05,5.41,116.28,2521.4,131.09,1
2026-05-08 17:25:51.914513,83.89,2.85,108.38,2613.34,70.54,1
2026-05-08 18:25:51.914513,70.27,3.18,93.02,2471.51,15.69,0
2026-05-08 19:25:51.914513,62.48,2.5,109.85,2901.52,106.28,0
2026-05-08 20:25:51.914513,88.56,7.46,119.47,2572.7,102.7,2
2026-05-08 21:25:51.914513,83.69,6.86,87.58,2624.49,21.84,1
2026-05-08 22:25:51.914513,94.97,6.53,104.82,2611.98,98.63,2
2026-05-08 23:25:51.914513,67.3,2.73,118.91,2092.81,163.48,1
2026-05-09 00:25:51.914513,94.87,4.73,110.9,2925.15,157.82,1
2026-05-09 01:25:51.914513,84.96,7.61,81.45,2111.38,87.71,1
2026-05-09 02:25:51.914513,68.08,6.5,103.33,2515.09,57.49,1
2026-05-09 03:25:51.914513,87.17,6.85,100.32,2773.78,146.52,2
2026-05-09 04:25:51.914513,62.3,5.9,84.06,2750.74,74.44,1
2026-05-09 05:25:51.914513,81.84,5.49,81.14,2467.2,73.93,1
2026-05-09 06:25:51.914513,87.22,4.0,100.84,2276.0,108.13,1
2026-05-09 07:25:51.914513,64.98,2.07,104.27,2603.02,172.21,1
2026-05-09 08:25:51.914513,87.9,6.81,96.05,2859.44,193.23,2
2026-05-09 09:25:51.914513,94.78,4.73,100.64,2431.57,65.68,1
2026-05-09 10:25:51.914513,74.11,2.29,91.0,2830.03,83.11,1
2026-05-09 11:25:51.914513,71.25,5.97,99.86,2024.1,104.65,1
2026-05-09 12:25:51.914513,61.01,4.67,91.55,2056.68,66.42,0
2026-05-09 13:25:51.914513,64.92,5.64,101.17,2736.34,63.01,1
2026-05-09 14:25:51.914513,75.25,5.77,104.96,2024.14,53.78,1
2026-05-09 15:25:51.914513,84.17,6.78,89.86,2994.06,140.57,1
2026-05-09 16:25:51.914513,87.76,3.01,119.51,2772.54,197.6,1
2026-05-09 17:25:51.914513,93.83,5.86,112.68,2614.66,182.19,1
2026-05-09 18:25:51.914513,89.46,6.57,90.61,2149.27,95.56,1
2026-05-09 19:25:51.914513,78.91,6.66,119.45,2230.17,17.91,1
2026-05-09 20:25:51.914513,94.02,5.25,117.58,2553.74,67.77,1
2026-05-09 21:25:51.914513,63.39,3.95,105.44,2559.04,129.65,0
2026-05-09 22:25:51.914513,91.3,4.26,115.73,2175.51,126.09,1
2026-05-09 23:25:51.914513,77.74,3.81,117.66,2111.18,2.32,0
2026-05-10 00:25:51.914513,85.06,5.1,99.75,2146.52,174.37,1
2026-05-10 01:25:51.914513,69.08,2.25,84.26,2378.89,149.73,0
2026-05-10 02:25:51.914513,65.69,7.05,116.88,2450.89,114.71,2
2026-05-10 03:25:51.914513,71.23,4.24,94.49,2544.13,64.65,1
2026-05-10 04:25:51.914513,61.49,7.0,83.39,2556.05,125.33,1
2026-05-10 05:25:51.914513,61.68,4.39,100.75,2682.34,38.86,0
2026-05-10 06:25:51.914513,60.24,7.51,101.5,2682.34,193.63,1
2026-05-10 07:25:51.914513,74.99,2.43,113.39,2438.3,104.89,0
2026-05-10 08:25:51.914513,66.35,6.32,106.15,2548.83,153.27,1
2026-05-10 09:25:51.914513,76.63,2.81,94.28,2365.68,155.18,1
2026-05-10 10:25:51.914513,60.5,2.63,98.03,2075.91,171.45,1
2026-05-10 11:25:51.914513,93.73,4.56,117.65,2458.94,6.88,1
2026-05-10 12:25:51.914513,63.88,6.72,103.02,2705.14,142.52,1
2026-05-10 13:25:51.914513,88.02,4.29,118.75,2536.24,157.9,1
2026-05-10 14:25:51.914513,71.84,2.77,97.48,2676.11,98.55,0
2026-05-10 15:25:51.914513,88.78,3.99,113.13,2954.32,6.74,1
2026-05-10 16:25:51.914513,80.97,3.94,113.42,2536.03,131.93,1
2026-05-10 17:25:51.914513,73.15,4.69,82.14,2559.39,43.2,0
2026-05-10 18:25:51.914513,85.17,4.88,81.0,2100.36,100.9,1
2026-05-10 19:25:51.914513,90.22,3.86,110.68,2475.96,5.19,1
2026-05-10 20:25:51.914513,77.44,2.24,103.23,2647.97,194.12,1
2026-05-10 21:25:51.914513,83.73,6.37,92.03,2491.04,116.07,1
2026-05-10 22:25:51.914513,82.76,3.6,89.43,2818.45,163.82,1
2026-05-10 23:25:51.914513,85.99,2.88,111.49,2594.76,190.06,1
2026-05-11 00:25:51.914513,80.58,6.4,117.82,2991.03,93.75,1
2026-05-11 01:25:51.914513,71.44,4.51,116.19,2712.37,92.41,1
2026-05-11 02:25:51.914513,75.04,3.8,92.14,2316.42,96.52,0
2026-05-11 03:25:51.914513,90.55,7.9,84.16,2946.46,111.96,2
2026-05-11 04:25:51.914513,91.94,3.46,96.46,2140.34,11.83,2
2026-05-11 05:25:51.914513,64.18,4.39,117.91,2676.93,187.42,1
2026-05-11 06:25:51.914513,93.69,5.97,107.34,2316.46,147.77,1
2026-05-11 07:25:51.914513,68.82,3.89,83.68,2129.77,127.12,0
2026-05-11 08:25:51.914513,79.11,6.1,107.98,2767.89,97.68,1
2026-05-11 09:25:51.914513,71.11,7.67,84.33,2829.19,6.99,1
2026-05-11 10:25:51.914513,67.42,6.22,88.56,2806.87,58.82,1
2026-05-11 11:25:51.914513,76.74,8.0,96.2,2669.08,23.9,1
2026-05-11 12:25:51.914513,78.15,3.88,108.33,2156.23,104.03,1
2026-05-11 13:25:51.914513,63.75,2.26,88.88,2396.09,81.11,0
2026-05-11 14:25:51.914513,74.32,6.22,105.4,2190.09,5.53,1
2026-05-11 15:25:51.914513,76.93,7.82,80.92,2225.3,58.09,1
2026-05-11 16:25:51.914513,75.57,3.61,110.39,2169.59,141.77,0
2026-05-11 17:25:51.914513,74.22,6.11,85.45,2389.94,42.94,1
2026-05-11 18:25:51.914513,80.82,6.99,88.54,2464.67,64.87,1
2026-05-11 19:25:51.914513,80.02,4.83,114.48,2554.35,31.15,2
2026-05-11 20:25:51.914513,64.58,6.88,109.32,2141.61,105.63,1
2026-05-11 21:25:51.914513,74.62,6.61,105.23,2847.18,145.39,1
2026-05-11 22:25:51.914513,93.98,4.8,81.71,2546.41,67.09,1
2026-05-11 23:25:51.914513,90.83,6.51,97.61,2518.9,86.34,1
2026-05-12 00:25:51.914513,86.07,2.31,90.01,2139.9,131.12,1
2026-05-12 01:25:51.914513,94.46,5.06,83.12,2916.21,193.16,1
2026-05-12 02:25:51.914513,89.16,2.61,111.69,2929.28,114.35,1
2026-05-12 03:25:51.914513,70.7,6.5,105.22,2757.44,176.05,2
2026-05-12 04:25:51.914513,72.31,5.12,81.65,2846.12,166.39,1
2026-05-12 05:25:51.914513,89.77,7.7,116.48,2627.92,115.9,2
2026-05-12 06:25:51.914513,73.26,6.11,82.19,2974.99,37.36,1
2026-05-12 07:25:51.914513,79.93,4.33,80.39,2871.72,184.0,2
2026-05-12 08:25:51.914513,84.01,2.01,84.33,2801.64,149.85,1
2026-05-12 09:25:51.914513,71.07,4.96,80.76,2347.94,75.36,0
2026-05-12 10:25:51.914513,94.86,2.54,118.18,2695.11,193.56,1
2026-05-12 11:25:51.914513,77.84,3.67,117.33,2362.55,142.24,0
2026-05-12 12:25:51.914513,89.05,2.41,118.1,2644.07,60.5,1
2026-05-12 13:25:51.914513,91.46,2.63,82.75,2693.09,139.79,2
2026-05-12 14:25:51.914513,61.15,7.73,108.39,2141.41,136.13,1
2026-05-12 15:25:51.914513,74.81,7.8,94.61,2213.66,92.24,1
2026-05-12 16:25:51.914513,60.21,6.56,80.18,2924.45,150.92,1
2026-05-12 17:25:51.914513,90.15,6.76,107.71,2807.05,137.21,2
2026-05-12 18:25:51.914513,79.19,3.57,98.3,2754.71,140.0,0
2026-05-12 19:25:51.914513,66.15,4.2,88.44,2360.28,165.33,1
2026-05-12 20:25:51.914513,84.31,6.33,105.64,2972.43,81.32,1
2026-05-12 21:25:51.914513,67.69,4.49,117.07,2848.06,182.39,1
2026-05-12 22:25:51.914513,70.84,7.42,82.55,2866.84,72.32,1
2026-05-12 23:25:51.914513,70.85,5.46,91.32,2866.36,136.47,1
2026-05-13 00:25:51.914513,85.26,6.01,103.89,2309.07,41.44,2
2026-05-13 01:25:51.914513,61.09,4.19,110.98,2006.18,56.62,0
2026-05-13 02:25:51.914513,73.33,2.94,103.8,2874.78,97.65,0
2026-05-13 03:25:51.914513,69.63,5.6,107.4,2333.9,44.3,1
2026-05-13 04:25:51.914513,62.3,7.72,109.24,2760.94,144.14,1
2026-05-13 05:25:51.914513,77.94,7.95,87.05,2054.3,25.53,1
2026-05-13 06:25:51.914513,82.14,7.86,109.78,2711.71,8.43,1
2026-05-13 07:25:51.914513,72.1,3.69,104.76,2767.25,165.22,1
2026-05-13 08:25:51.914513,64.32,2.6,80.25,2906.57,49.69,2
2026-05-13 09:25:51.914513,67.89,3.35,109.06,2751.27,57.56,0
2026-05-13 10:25:51.914513,67.13,4.42,90.08,2484.1,25.0,0
2026-05-13 11:25:51.914513,69.69,4.3,98.52,2892.59,65.87,0
2026-05-13 12:25:51.914513,83.22,5.21,91.89,2614.03,114.31,1
2026-05-13 13:25:51.914513,69.44,5.49,99.95,2305.95,125.16,1
2026-05-13 14:25:51.914513,66.84,7.43,118.43,2976.96,199.57,1
2026-05-13 15:25:51.914513,69.09,3.22,90.01,2263.57,45.05,0
2026-05-13 16:25:51.914513,66.57,3.63,115.93,2407.37,31.34,0
2026-05-13 17:25:51.914513,65.47,4.55,102.01,2229.66,111.73,0
2026-05-13 18:25:51.914513,88.99,7.89,92.5,2221.15,102.42,2
2026-05-13 19:25:51.914513,85.88,2.11,101.19,2027.26,121.04,1
2026-05-13 20:25:51.914513,77.54,4.09,119.47,2295.38,121.01,0
2026-05-13 21:25:51.914513,74.37,4.2,94.16,2436.65,85.97,0
2026-05-13 22:25:51.914513,89.07,4.15,111.89,2353.77,26.41,1
2026-05-13 23:25:51.914513,82.65,6.82,85.85,2526.33,188.81,1
2026-05-14 00:25:51.914513,90.28,2.92,89.9,2277.44,175.59,1
2026-05-14 01:25:51.914513,80.04,2.61,113.46,2374.36,91.81,1
2026-05-14 02:25:51.914513,61.27,6.43,104.83,2076.65,102.27,1
2026-05-14 03:25:51.914513,60.73,4.01,89.95,2986.43,176.78,1
2026-05-14 04:25:51.914513,90.54,5.91,106.43,2907.78,0.49,1
2026-05-14 05:25:51.914513,78.04,6.56,89.43,2343.6,106.19,1
2026-05-14 06:25:51.914513,88.61,2.59,100.63,2175.22,159.98,1
2026-05-14 07:25:51.914513,87.87,4.47,115.71,2514.25,92.0,1
2026-05-14 08:25:51.914513,67.83,4.31,117.71,2958.17,123.42,0
2026-05-14 09:25:51.914513,87.64,5.03,89.64,2420.29,184.76,1
2026-05-14 10:25:51.914513,84.07,7.07,107.69,2460.64,97.33,1
2026-05-14 11:25:51.914513,66.15,4.01,107.33,2920.84,146.74,0
2026-05-14 12:25:51.914513,90.61,5.97,90.75,2229.56,146.79,1
2026-05-14 13:25:51.914513,80.59,3.54,80.58,2107.98,129.64,1
2026-05-14 14:25:51.914513,72.53,6.2,99.81,2152.68,9.18,1
2026-05-14 15:25:51.914513,75.9,6.15,98.12,2653.56,141.5,1
2026-05-14 16:25:51.914513,62.14,5.15,87.56,2641.67,65.09,2
2026-05-14 17:25:51.914513,67.69,7.31,99.1,2486.15,24.53,1
2026-05-14 18:25:51.914513,62.08,6.05,118.3,2343.34,122.06,1
2026-05-14 19:25:51.914513,67.98,6.92,110.07,2158.93,161.08,1
2026-05-14 20:25:51.914513,62.69,3.21,84.28,2656.26,56.08,0
2026-05-14 21:25:51.914513,72.8,5.82,102.93,2313.46,154.26,1
2026-05-14 22:25:51.914513,74.82,7.29,88.8,2104.35,26.31,1
2026-05-14 23:25:51.914513,77.37,6.45,112.54,2059.96,111.22,1
2026-05-15 00:25:51.914513,78.71,3.98,107.85,2725.06,45.95,0
2026-05-15 01:25:51.914513,60.02,5.88,82.7,2292.55,199.24,1
2026-05-15 02:25:51.914513,65.38,6.29,115.81,2744.45,130.65,1
2026-05-15 03:25:51.914513,87.39,7.64,104.87,2608.43,137.49,2
2026-05-15 04:25:51.914513,60.67,4.19,94.7,2016.83,167.01,1
2026-05-15 05:25:51.914513,61.22,2.3,95.64,2413.38,127.18,0
2026-05-15 06:25:51.914513,84.94,7.71,95.45,2968.67,193.08,1
2026-05-15 07:25:51.914513,62.02,7.58,91.86,2438.6,10.74,1
2026-05-15 08:25:51.914513,69.42,3.24,112.05,2192.53,188.26,1
2026-05-15 09:25:51.914513,83.57,7.13,108.52,2388.6,100.9,1
2026-05-15 10:25:51.914513,76.55,2.41,90.14,2770.87,101.31,0
2026-05-15 11:25:51.914513,84.87,7.8,112.55,2848.42,146.03,1
2026-05-15 12:25:51.914513,62.79,2.4,105.31,2274.06,34.77,0
2026-05-15 13:25:51.914513,77.87,6.71,101.18,2870.05,31.48,1
2026-05-15 14:25:51.914513,84.38,2.09,101.0,2673.5,137.78,1
2026-05-15 15:25:51.914513,80.02,6.1,86.25,2336.84,154.18,1
2026-05-15 16:25:51.914513,66.32,7.39,115.13,2069.67,54.71,1
2026-05-15 17:25:51.914513,67.65,4.3,83.35,2331.94,189.34,1
2026-05-15 18:25:51.914513,83.09,7.74,82.37,2402.58,13.4,2
2026-05-15 19:25:51.914513,80.36,6.28,107.8,2324.96,110.45,1
2026-05-15 20:25:51.914513,80.68,4.85,99.8,2467.05,118.42,1
2026-05-15 21:25:51.914513,78.75,3.34,115.48,2144.55,178.83,1
2026-05-15 22:25:51.914513,77.01,5.7,113.6,2419.96,91.54,1
2026-05-15 23:25:51.914513,68.2,2.93,96.88,2875.02,13.13,1
2026-05-16 00:25:51.914513,91.99,7.43,98.97,2073.9,161.31,2
2026-05-16 01:25:51.914513,65.74,2.99,81.23,2339.3,35.12,0
2026-05-16 02:25:51.914513,75.91,2.91,89.12,2416.74,148.27,0
2026-05-16 03:25:51.914513,71.67,4.65,96.04,2750.51,15.92,0
2026-05-16 04:25:51.914513,88.23,6.36,113.47,2119.58,79.13,1
2026-05-16 05:25:51.914513,75.78,2.41,89.35,2934.24,120.2,1
2026-05-16 06:25:51.914513,81.57,2.44,84.37,2983.68,80.07,1
2026-05-16 07:25:51.914513,84.21,3.59,86.49,2329.37,128.37,2
2026-05-16 08:25:51.914513,64.5,6.84,97.48,2758.93,180.18,1
2026-05-16 09:25:51.914513,64.27,7.61,106.4,2171.66,69.88,1
2026-05-16 10:25:51.914513,86.1,5.76,101.3,2690.67,149.32,1
2026-05-16 11:25:51.914513,62.32,3.56,91.75,2471.21,56.62,0
2026-05-16 12:25:51.914513,83.89,6.87,80.29,2818.79,147.68,1
2026-05-16 13:25:51.914513,70.14,6.48,86.42,2532.54,146.05,1
2026-05-16 14:25:51.914513,64.48,7.55,117.08,2161.01,57.3,1
2026-05-16 15:25:51.914513,78.56,6.55,102.51,2774.86,121.54,1
2026-05-16 16:25:51.914513,79.54,6.05,89.97,2815.11,121.04,1
2026-05-16 17:25:51.914513,89.47,7.49,119.86,2653.88,138.9,2
2026-05-16 18:25:51.914513,74.79,4.93,86.31,2442.65,38.01,0
2026-05-16 19:25:51.914513,68.94,7.58,84.64,2296.93,131.76,1
2026-05-16 20:25:51.914513,86.04,2.81,102.74,2611.87,148.56,1
2026-05-16 21:25:51.914513,75.12,4.01,98.91,2533.84,25.12,0
2026-05-16 22:25:51.914513,90.04,2.03,119.17,2679.28,32.19,1
2026-05-16 23:25:51.914513,72.01,6.87,101.34,2155.83,129.18,1
2026-05-17 00:25:51.914513,81.06,4.3,114.73,2082.78,92.33,1
2026-05-17 01:25:51.914513,66.69,6.04,80.87,2984.08,77.63,1
2026-05-17 02:25:51.914513,68.41,5.29,87.48,2827.55,100.0,2
2026-05-17 03:25:51.914513,79.5,6.19,114.38,2197.38,140.34,1
2026-05-17 04:25:51.914513,82.2,3.76,115.42,2151.95,126.35,1
2026-05-17 05:25:51.914513,72.12,5.24,89.93,2941.85,14.18,1
2026-05-17 06:25:51.914513,82.08,2.09,105.13,2511.55,130.97,1
2026-05-17 07:25:51.914513,89.67,6.03,97.45,2527.84,182.19,2
2026-05-17 08:25:51.914513,85.32,7.78,105.93,2757.26,36.26,2
2026-05-17 09:25:51.914513,71.72,6.44,102.54,2137.87,43.64,1
2026-05-17 10:25:51.914513,89.38,5.71,100.97,2341.68,181.61,1
2026-05-17 11:25:51.914513,81.83,7.48,93.48,2986.25,87.2,1
2026-05-17 12:25:51.914513,62.16,4.62,99.58,2350.53,163.71,1
2026-05-17 13:25:51.914513,84.91,4.91,110.07,2820.74,150.93,1
2026-05-17 14:25:51.914513,67.51,4.95,92.75,2440.66,67.13,0
2026-05-17 15:25:51.914513,68.23,6.77,84.98,2267.85,192.61,2
2026-05-17 16:25:51.914513,67.24,5.95,108.87,2514.66,177.01,1
2026-05-17 17:25:51.914513,86.52,3.54,91.61,2392.49,6.24,1
2026-05-17 18:25:51.914513,69.87,6.26,96.64,2985.52,30.3,1
2026-05-17 19:25:51.914513,72.07,2.7,96.6,2654.86,115.11,0
2026-05-17 20:25:51.914513,76.94,4.66,113.29,2324.98,168.75,1
2026-05-17 21:25:51.914513,63.84,4.68,89.04,2562.8,149.44,0
2026-05-17 22:25:51.914513,88.33,3.82,114.99,2482.99,125.58,1
2026-05-17 23:25:51.914513,79.34,5.85,99.53,2226.89,96.37,1
2026-05-18 00:25:51.914513,84.11,6.22,90.81,2741.1,3.35,1
2026-05-18 01:25:51.914513,82.47,2.46,91.3,2472.27,117.92,1
2026-05-18 02:25:51.914513,68.99,3.83,99.9,2531.52,68.6,1
2026-05-18 03:25:51.914513,89.38,6.26,87.78,2805.22,181.14,2
2026-05-18 04:25:51.914513,89.14,4.17,100.22,2725.05,90.7,1
2026-05-18 05:25:51.914513,64.59,5.92,103.29,2891.36,177.65,1
2026-05-18 06:25:51.914513,91.82,2.87,101.23,2614.78,41.23,1
2026-05-18 07:25:51.914513,68.47,4.92,82.57,2486.11,23.11,0
2026-05-18 08:25:51.914513,71.55,6.68,100.33,2722.17,8.34,1
2026-05-18 09:25:51.914513,68.67,4.8,90.68,2884.77,70.91,0
2026-05-18 10:25:51.914513,94.84,3.2,102.67,2781.1,16.16,1
2026-05-18 11:25:51.914513,79.41,4.6,119.21,2755.09,198.82,2
2026-05-18 12:25:51.914513,75.1,3.31,118.68,2218.24,186.61,1
2026-05-18 13:25:51.914513,72.5,3.23,87.77,2658.28,151.41,1
2026-05-18 14:25:51.914513,71.81,6.7,92.28,2262.38,189.0,1
2026-05-18 15:25:51.914513,71.05,6.26,88.71,2756.59,148.79,1
2026-05-18 16:25:51.914513,80.12,4.44,98.34,2788.1,155.29,1
2026-05-18 17:25:51.914513,72.21,2.1,110.97,2093.71,47.15,2
2026-05-18 18:25:51.914513,79.7,3.32,95.97,2958.99,83.18,1
2026-05-18 19:25:51.914513,82.99,6.66,97.19,2681.87,117.19,1
2026-05-18 20:25:51.914513,64.1,4.33,117.13,2007.74,25.25,0
2026-05-18 21:25:51.914513,74.77,2.86,105.05,2207.87,178.18,1
2026-05-18 22:25:51.914513,85.87,3.11,99.58,2067.13,154.96,1
2026-05-18 23:25:51.914513,73.04,2.53,98.41,2913.3,152.65,1
2026-05-19 00:25:51.914513,77.81,4.58,102.22,2367.89,144.49,2
2026-05-19 01:25:51.914513,83.56,3.15,87.06,2598.46,187.61,1
2026-05-19 02:25:51.914513,84.92,3.93,119.47,2664.73,165.66,1
2026-05-19 03:25:51.914513,60.81,6.05,90.62,2227.79,116.16,1
2026-05-19 04:25:51.914513,91.13,3.79,112.89,2262.19,69.45,1
2026-05-19 05:25:51.914513,80.85,4.1,118.14,2685.69,182.45,1
2026-05-19 06:25:51.914513,63.99,7.41,99.56,2499.02,16.01,1
2026-05-19 07:25:51.914513,70.74,2.4,89.79,2768.02,63.52,0
2026-05-19 08:25:51.914513,69.59,4.04,101.73,2133.01,41.93,0
2026-05-19 09:25:51.914513,90.67,5.5,115.47,2000.81,76.96,1
2026-05-19 10:25:51.914513,90.35,6.79,110.16,2049.66,54.67,2
2026-05-19 11:25:51.914513,61.22,5.62,109.86,2223.07,63.12,1
2026-05-19 12:25:51.914513,75.52,3.21,85.53,2833.83,23.21,0
2026-05-19 13:25:51.914513,94.13,5.89,88.47,2641.61,175.9,1
2026-05-19 14:25:51.914513,71.91,2.47,89.14,2416.72,195.95,1
2026-05-19 15:25:51.914513,62.52,7.01,117.67,2783.77,69.45,1
2026-05-19 16:25:51.914513,61.0,5.57,94.77,2361.93,140.08,1
2026-05-19 17:25:51.914513,69.78,7.22,100.81,2132.51,133.51,1
2026-05-19 18:25:51.914513,74.52,7.91,115.68,2895.14,162.43,1
2026-05-19 19:25:51.914513,90.77,2.51,111.04,2396.57,91.98,1
2026-05-19 20:25:51.914513,80.48,3.28,113.99,2346.76,29.46,1
2026-05-19 21:25:51.914513,93.65,4.74,115.98,2646.69,67.74,1
2026-05-19 22:25:51.914513,82.62,3.0,106.42,2934.65,2.02,1
2026-05-19 23:25:51.914513,76.27,2.74,86.39,2746.7,101.66,0
2026-05-20 00:25:51.914513,78.44,7.61,108.46,2141.23,176.29,1
2026-05-20 01:25:51.914513,81.1,6.46,117.95,2609.7,0.03,1
2026-05-20 02:25:51.914513,69.74,3.4,118.06,2255.21,168.78,1
2026-05-20 03:25:51.914513,64.13,6.78,94.29,2500.56,179.11,1
2026-05-20 04:25:51.914513,84.86,5.2,110.06,2124.1,56.12,1
2026-05-20 05:25:51.914513,64.93,7.21,119.96,2519.43,9.18,1
2026-05-20 06:25:51.914513,94.34,2.43,114.66,2980.43,30.75,1
2026-05-20 07:25:51.914513,83.52,5.72,100.42,2179.52,128.62,1
2026-05-20 08:25:51.914513,69.27,5.33,95.76,2960.39,126.32,1
2026-05-20 09:25:51.914513,62.84,5.13,118.65,2260.81,156.08,1
2026-05-20 10:25:51.914513,70.52,4.7,114.89,2655.14,110.56,0
2026-05-20 11:25:51.914513,75.1,7.56,81.26,2771.31,142.14,1
2026-05-20 12:25:51.914513,69.32,7.61,95.08,2952.18,147.32,1
2026-05-20 13:25:51.914513,70.43,3.51,96.55,2166.77,149.19,0
2026-05-20 14:25:51.914513,84.9,3.82,102.89,2930.73,48.19,1
2026-05-20 15:25:51.914513,90.78,6.61,87.03,2940.89,60.37,2
2026-05-20 16:25:51.914513,62.85,3.46,109.45,2709.02,67.81,0
2026-05-20 17:25:51.914513,74.05,7.34,110.7,2656.0,98.28,1
2026-05-20 18:25:51.914513,66.43,7.39,111.67,2517.59,40.4,1
2026-05-20 19:25:51.914513,79.65,3.89,99.98,2055.99,191.79,2
2026-05-20 20:25:51.914513,68.79,2.39,106.56,2857.03,7.69,1
2026-05-20 21:25:51.914513,87.16,6.32,116.63,2623.22,155.09,2
2026-05-20 22:25:51.914513,69.58,6.47,91.9,2494.0,122.27,1
2026-05-20 23:25:51.914513,64.54,6.06,98.5,2988.05,136.24,1
2026-05-21 00:25:51.914513,64.61,4.22,119.57,2542.43,186.34,1
2026-05-21 01:25:51.914513,66.67,4.17,93.3,2026.67,81.22,0
2026-05-21 02:25:51.914513,61.18,5.49,105.75,2216.24,62.2,1
2026-05-21 03:25:51.914513,68.29,4.14,86.36,2816.27,90.16,0
2026-05-21 04:25:51.914513,94.09,4.66,119.16,2679.95,52.71,1
2026-05-21 05:25:51.914513,70.0,2.64,114.64,2233.54,8.53,0
2026-05-21 06:25:51.914513,60.3,2.7,88.95,2000.01,124.58,0
2026-05-21 07:25:51.914513,90.36,6.21,115.21,2167.58,96.22,2
2026-05-21 08:25:51.914513,82.78,3.78,84.34,2879.7,54.52,1
2026-05-21 09:25:51.914513,62.09,3.93,114.36,2189.85,118.6,0
2026-05-21 10:25:51.914513,92.79,7.89,115.81,2285.32,84.44,2
2026-05-21 11:25:51.914513,81.32,7.16,83.25,2668.64,184.1,1
2026-05-21 12:25:51.914513,85.95,4.07,90.72,2812.37,95.42,1
2026-05-21 13:25:51.914513,82.65,2.52,84.65,2094.18,156.63,2
2026-05-21 14:25:51.914513,75.32,4.93,89.73,2606.86,130.92,2
2026-05-21 15:25:51.914513,69.72,2.22,84.52,2822.56,11.31,2
2026-05-21 16:25:51.914513,91.39,7.99,87.49,2458.29,90.23,2
2026-05-21 17:25:51.914513,80.97,4.14,105.1,2936.9,97.52,1
2026-05-21 18:25:51.914513,89.96,6.84,99.86,2335.11,84.94,2
2026-05-21 19:25:51.914513,75.98,5.65,102.08,2570.79,194.22,1
2026-05-21 20:25:51.914513,83.94,6.74,94.01,2342.26,44.79,1
2026-05-21 21:25:51.914513,79.49,5.11,117.05,2996.74,190.35,1
2026-05-21 22:25:51.914513,64.66,3.7,110.76,2331.79,88.5,0
2026-05-21 23:25:51.914513,62.24,5.44,118.37,2283.55,116.9,1
2026-05-22 00:25:51.914513,75.41,4.12,94.31,2536.38,40.2,0
2026-05-22 01:25:51.914513,62.29,2.96,108.89,2360.78,127.24,0
2026-05-22 02:25:51.914513,90.2,7.82,116.31,2474.94,179.33,2
2026-05-22 03:25:51.914513,91.02,7.61,84.41,2924.18,115.78,2
2026-05-22 04:25:51.914513,73.49,2.01,104.75,2245.39,71.59,0
2026-05-22 05:25:51.914513,83.61,7.89,85.7,2477.69,9.94,1
2026-05-22 06:25:51.914513,88.97,2.77,92.13,2792.88,16.21,1
2026-05-22 07:25:51.914513,61.76,4.3,98.76,2877.54,157.64,2
2026-05-22 08:25:51.914513,71.92,4.58,114.49,2737.13,105.28,1
2026-05-22 09:25:51.914513,90.98,5.54,99.73,2285.14,165.44,1
2026-05-22 10:25:51.914513,92.7,4.72,111.47,2293.12,86.53,1
2026-05-22 11:25:51.914513,84.46,3.68,117.41,2474.25,123.3,1
2026-05-22 12:25:51.914513,74.14,4.66,105.61,2517.5,159.69,1
2026-05-22 13:25:51.914513,85.76,2.9,102.5,2269.17,194.43,1
2026-05-22 14:25:51.914513,78.09,5.85,114.5,2258.28,80.53,1
2026-05-22 15:25:51.914513,86.37,7.69,89.42,2296.89,35.53,2
2026-05-22 16:25:51.914513,93.83,4.71,83.12,2911.12,144.29,1
2026-05-22 17:25:51.914513,78.59,2.24,103.91,2048.0,9.96,0
2026-05-22 18:25:51.914513,71.32,7.23,99.57,2992.2,83.78,1
2026-05-22 19:25:51.914513,94.57,3.71,115.86,2790.04,67.6,1
2026-05-22 20:25:51.914513,83.5,4.67,108.44,2978.45,103.09,1
2026-05-22 21:25:51.914513,61.85,7.83,112.26,2122.21,96.74,1
2026-05-22 22:25:51.914513,92.01,4.16,103.69,2737.63,73.02,2
2026-05-22 23:25:51.914513,84.02,5.84,94.77,2943.43,166.49,1
2026-05-23 00:25:51.914513,64.61,4.85,106.68,2698.95,51.04,0
2026-05-23 01:25:51.914513,85.21,7.95,89.63,2865.35,193.09,2
2026-05-23 02:25:51.914513,89.99,5.89,105.79,2059.89,175.35,1
2026-05-23 03:25:51.914513,86.87,3.77,108.37,2304.08,30.38,1
2026-05-23 04:25:51.914513,70.71,6.21,90.61,2279.22,104.35,1
2026-05-23 05:25:51.914513,75.07,6.68,85.7,2727.89,187.64,1
2026-05-23 06:25:51.914513,86.37,2.34,92.14,2401.17,129.39,1
2026-05-23 07:25:51.914513,61.49,3.7,102.58,2073.22,89.26,0
2026-05-23 08:25:51.914513,65.33,4.41,91.71,2407.71,1.2,0
2026-05-23 09:25:51.914513,64.59,7.14,105.35,2001.18,147.34,1
2026-05-23 10:25:51.914513,87.79,4.46,107.8,2752.74,7.76,1
2026-05-23 11:25:51.914513,88.8,3.52,107.43,2938.93,110.13,1
2026-05-23 12:25:51.914513,68.57,3.81,116.02,2352.84,69.58,0
2026-05-23 13:25:51.914513,60.42,2.27,93.58,2099.6,170.28,1
2026-05-23 14:25:51.914513,83.81,3.35,88.35,2220.96,109.82,1
2026-05-23 15:25:51.914513,68.74,4.02,97.15,2820.9,102.32,0
2026-05-23 16:25:51.914513,90.72,2.6,89.1,2346.22,189.62,1
2026-05-23 17:25:51.914513,61.67,3.99,85.85,2967.51,158.52,1
2026-05-23 18:25:51.914513,85.28,7.54,86.62,2784.33,7.04,2
2026-05-23 19:25:51.914513,71.23,6.3,86.6,2784.04,110.86,1
2026-05-23 20:25:51.914513,72.43,5.94,101.52,2596.59,85.04,1
2026-05-23 21:25:51.914513,74.63,4.72,111.55,2939.38,46.45,0
2026-05-23 22:25:51.914513,93.87,3.3,117.97,2791.91,172.59,1
2026-05-23 23:25:51.914513,81.78,7.9,106.93,2182.81,138.6,1
2026-05-24 00:25:51.914513,83.59,5.92,110.88,2597.99,35.29,1
2026-05-24 01:25:51.914513,67.79,2.45,97.93,2753.62,116.31,0
2026-05-24 02:25:51.914513,70.45,3.01,82.64,2224.87,193.44,1
2026-05-24 03:25:51.914513,74.84,4.32,91.65,2193.3,3.61,0
2026-05-24 04:25:51.914513,70.57,3.87,100.77,2663.43,121.36,0
2026-05-24 05:25:51.914513,86.74,6.56,109.76,2665.57,83.09,2
2026-05-24 06:25:51.914513,93.86,3.91,84.87,2665.1,86.62,1
2026-05-24 07:25:51.914513,68.03,6.65,106.22,2278.9,136.3,1
2026-05-24 08:25:51.914513,66.95,6.08,117.99,2296.7,134.84,1
2026-05-24 09:25:51.914513,87.08,6.47,89.12,2873.76,12.05,2
2026-05-24 10:25:51.914513,92.21,7.66,89.24,2678.7,161.04,2
2026-05-24 11:25:51.914513,74.25,6.78,87.21,2841.64,73.97,1
2026-05-24 12:25:51.914513,74.4,3.87,112.72,2416.04,21.38,2
2026-05-24 13:25:51.914513,78.87,7.73,86.81,2959.99,64.33,1
2026-05-24 14:25:51.914513,72.4,2.67,82.11,2076.21,12.63,0
2026-05-24 15:25:51.914513,76.29,6.52,82.24,2094.46,16.85,1
2026-05-24 16:25:51.914513,63.11,6.59,110.38,2422.23,75.95,1
2026-05-24 17:25:51.914513,63.28,4.6,117.51,2408.35,14.04,0
2026-05-24 18:25:51.914513,72.17,7.21,107.58,2361.82,120.1,1
2026-05-24 19:25:51.914513,63.63,5.15,80.68,2814.68,32.87,2
2026-05-24 20:25:51.914513,62.24,3.88,100.85,2919.23,122.27,0
2026-05-24 21:25:51.914513,68.46,5.59,87.79,2131.93,75.52,1
2026-05-24 22:25:51.914513,88.26,5.99,92.44,2257.97,1.93,1
2026-05-24 23:25:51.914513,72.31,2.31,111.63,2203.65,6.9,0
2026-05-25 00:25:51.914513,69.86,7.92,88.75,2076.83,70.64,1
2026-05-25 01:25:51.914513,81.82,2.14,110.65,2573.69,167.8,2
2026-05-25 02:25:51.914513,87.92,3.84,94.04,2727.32,193.07,2
2026-05-25 03:25:51.914513,78.81,5.44,81.83,2046.5,5.02,1
2026-05-25 04:25:51.914513,93.88,6.59,86.41,2663.23,79.37,2
2026-05-25 05:25:51.914513,66.07,3.53,117.59,2308.5,26.45,0
2026-05-25 06:25:51.914513,72.72,6.53,112.91,2726.24,186.7,1
2026-05-25 07:25:51.914513,65.53,3.53,89.95,2323.75,99.65,0
2026-05-25 08:25:51.914513,63.78,3.51,119.9,2231.98,182.56,1
2026-05-25 09:25:51.914513,94.16,4.23,83.02,2485.23,181.67,1
2026-05-25 10:25:51.914513,76.6,4.37,106.89,2187.97,19.15,0
2026-05-25 11:25:51.914513,68.39,4.11,97.03,2471.73,77.51,2
2026-05-25 12:25:51.914513,78.64,2.05,112.28,2331.26,135.64,0
2026-05-25 13:25:51.914513,92.55,5.33,115.45,2727.24,69.65,1
2026-05-25 14:25:51.914513,83.26,4.43,82.91,2345.6,3.06,1
2026-05-25 15:25:51.914513,90.99,3.34,86.56,2848.61,140.27,1
2026-05-25 16:25:51.914513,62.16,2.2,101.88,2959.55,52.11,0
2026-05-25 17:25:51.914513,91.83,2.63,101.27,2977.85,132.12,1
2026-05-25 18:25:51.914513,62.72,6.94,99.39,2968.13,123.04,1
2026-05-25 19:25:51.914513,69.9,3.77,116.59,2544.21,153.47,1
2026-05-25 20:25:51.914513,91.88,5.68,83.64,2241.65,72.45,1
2026-05-25 21:25:51.914513,87.16,5.8,96.36,2219.87,28.1,1
2026-05-25 22:25:51.914513,94.82,7.27,104.51,2580.02,25.36,2
2026-05-25 23:25:51.914513,85.57,3.71,105.82,2228.08,28.84,1
2026-05-26 00:25:51.914513,60.29,2.65,108.24,2173.92,73.56,0
2026-05-26 01:25:51.914513,64.58,5.51,84.94,2852.66,102.11,1
2026-05-26 02:25:51.914513,76.37,7.13,84.5,2054.85,177.77,1
2026-05-26 03:25:51.914513,94.5,7.92,101.07,2867.71,189.34,2
2026-05-26 04:25:51.914513,78.17,3.94,84.79,2308.77,124.21,0
2026-05-26 05:25:51.914513,61.12,5.5,100.62,2418.99,69.98,1
2026-05-26 06:25:51.914513,71.45,7.34,91.95,2348.57,78.76,1
2026-05-26 07:25:51.914513,83.06,2.67,113.46,2092.86,192.27,1
2026-05-26 08:25:51.914513,75.11,4.09,83.72,2765.89,155.28,1
2026-05-26 09:25:51.914513,75.93,4.65,117.74,2085.17,18.8,0
2026-05-26 10:25:51.914513,65.85,6.01,86.02,2477.24,177.17,1
2026-05-26 11:25:51.914513,60.23,2.69,102.6,2054.12,69.73,0
2026-05-26 12:25:51.914513,83.06,4.09,104.83,2834.1,180.98,1
2026-05-26 13:25:51.914513,65.52,2.1,89.64,2905.8,68.02,0
2026-05-26 14:25:51.914513,94.25,6.17,93.99,2003.29,92.1,2
2026-05-26 15:25:51.914513,80.95,6.7,98.92,2950.27,86.1,1
2026-05-26 16:25:51.914513,74.66,5.06,95.37,2184.24,169.11,1
2026-05-26 17:25:51.914513,84.96,6.07,92.34,2879.86,103.69,1
2026-05-26 18:25:51.914513,74.74,5.57,92.08,2094.06,13.27,1
2026-05-26 19:25:51.914513,80.86,3.71,104.08,2569.44,27.24,1
2026-05-26 20:25:51.914513,65.01,2.71,96.23,2794.03,147.6,0
2026-05-26 21:25:51.914513,79.87,3.76,109.81,2601.19,112.26,0
2026-05-26 22:25:51.914513,72.75,7.78,116.57,2523.95,30.29,1
2026-05-26 23:25:51.914513,68.31,2.48,107.59,2519.14,79.74,0
2026-05-27 00:25:51.914513,64.6,3.64,110.18,2230.9,167.04,1
2026-05-27 01:25:51.914513,67.7,4.02,113.14,2427.5,15.6,0
2026-05-27 02:25:51.914513,88.52,3.53,115.67,2560.26,141.97,1
2026-05-27 03:25:51.914513,77.86,5.99,118.47,2582.61,55.14,1
2026-05-27 04:25:51.914513,65.07,7.05,90.31,2848.28,117.94,1
2026-05-27 05:25:51.914513,69.1,6.25,116.06,2779.87,54.68,1
2026-05-27 06:25:51.914513,82.98,2.36,103.79,2029.14,193.45,1
2026-05-27 07:25:51.914513,75.61,5.61,102.48,2270.66,105.25,1
2026-05-27 08:25:51.914513,83.28,5.1,107.18,2559.73,106.48,1
2026-05-27 09:25:51.914513,89.32,4.52,81.97,2863.23,121.4,1
2026-05-27 10:25:51.914513,70.8,4.43,88.95,2161.45,115.04,0
2026-05-27 11:25:51.914513,80.11,6.51,95.12,2185.83,121.78,1
2026-05-27 12:25:51.914513,60.55,7.99,87.57,2373.96,49.96,1
2026-05-27 13:25:51.914513,72.03,4.24,100.79,2250.79,163.75,1
2026-05-27 14:25:51.914513,79.71,6.16,116.16,2227.26,152.35,1
2026-05-27 15:25:51.914513,70.42,2.18,80.62,2612.93,169.75,1
2026-05-27 16:25:51.914513,81.46,6.75,118.43,2457.75,27.89,1
2026-05-27 17:25:51.914513,81.37,7.56,92.18,2380.84,49.22,1
2026-05-27 18:25:51.914513,65.68,3.89,107.01,2262.21,116.6,0
2026-05-27 19:25:51.914513,94.37,2.33,118.82,2015.29,172.79,1
2026-05-27 20:25:51.914513,88.51,4.48,88.61,2679.74,127.7,1
2026-05-27 21:25:51.914513,79.04,3.01,112.62,2121.04,80.49,0
2026-05-27 22:25:51.914513,80.95,4.12,90.45,2164.24,70.96,1
2026-05-27 23:25:51.914513,62.51,7.0,95.32,2896.98,144.26,1
2026-05-28 00:25:51.914513,82.11,2.47,106.1,2622.29,177.74,1
2026-05-28 01:25:51.914513,86.44,3.99,89.65,2972.63,113.08,1
2026-05-28 02:25:51.914513,60.04,5.54,90.38,2996.02,189.99,1
2026-05-28 03:25:51.914513,82.18,5.25,109.4,2466.99,26.58,1
2026-05-28 04:25:51.914513,88.58,5.36,92.36,2190.3,25.81,1
2026-05-28 05:25:51.914513,89.14,3.02,86.96,2646.18,4.92,1
2026-05-28 06:25:51.914513,85.63,2.41,107.61,2474.64,1.38,1
2026-05-28 07:25:51.914513,67.39,6.66,82.72,2315.21,177.76,1
2026-05-28 08:25:51.914513,81.19,3.69,83.72,2821.68,19.57,1
2026-05-28 09:25:51.914513,89.48,3.89,99.1,2065.12,135.86,1
2026-05-28 10:25:51.914513,77.54,2.92,96.91,2326.27,56.66,0
2026-05-28 11:25:51.914513,74.71,4.95,83.27,2823.04,65.39,2
2026-05-28 12:25:51.914513,71.26,7.4,89.41,2986.34,29.18,1
2026-05-28 13:25:51.914513,83.91,2.9,80.5,2796.0,69.93,1
2026-05-28 14:25:51.914513,86.36,2.73,113.66,2322.07,80.17,1
2026-05-28 15:25:51.914513,77.92,6.39,84.98,2024.68,35.71,1
2026-05-28 16:25:51.914513,83.78,4.89,115.04,2590.22,170.91,1
2026-05-28 17:25:51.914513,61.88,3.52,102.81,2394.09,8.4,0
2026-05-28 18:25:51.914513,81.06,5.12,106.8,2126.66,62.47,1
2026-05-28 19:25:51.914513,61.14,3.28,98.44,2310.58,4.46,2
2026-05-28 20:25:51.914513,62.25,7.89,105.14,2818.97,123.22,1
2026-05-28 21:25:51.914513,78.93,5.21,82.39,2929.06,144.9,1
2026-05-28 22:25:51.914513,88.61,7.44,93.81,2161.62,141.75,2
2026-05-28 23:25:51.914513,68.82,4.55,80.66,2455.48,106.28,0
2026-05-29 00:25:51.914513,89.5,5.89,114.94,2032.95,168.35,1
2026-05-29 01:25:51.914513,78.42,3.54,118.52,2822.27,20.39,0
2026-05-29 02:25:51.914513,81.15,3.38,87.76,2060.2,140.87,1
2026-05-29 03:25:51.914513,60.15,2.81,105.59,2187.28,80.18,0
2026-05-29 04:25:51.914513,76.75,6.79,113.89,2804.89,83.28,1
2026-05-29 05:25:51.914513,85.95,6.63,108.28,2013.96,100.8,1
2026-05-29 06:25:51.914513,76.31,6.61,102.37,2572.23,158.63,1
2026-05-29 07:25:51.914513,66.01,4.41,110.84,2098.25,40.58,0
2026-05-29 08:25:51.914513,94.4,4.2,112.72,2354.69,127.98,1
2026-05-29 09:25:51.914513,93.89,6.22,88.65,2053.46,99.86,1
2026-05-29 10:25:51.914513,65.16,4.48,95.25,2869.97,95.04,0
2026-05-29 11:25:51.914513,94.7,2.72,85.25,2493.49,54.39,1
2026-05-29 12:25:51.914513,72.87,4.31,85.76,2841.55,9.55,0
2026-05-29 13:25:51.914513,63.54,4.59,93.86,2760.66,146.71,0
2026-05-29 14:25:51.914513,60.3,6.22,102.11,2170.86,100.94,1
2026-05-29 15:25:51.914513,70.57,7.98,97.06,2981.65,125.47,1
2026-05-29 16:25:51.914513,72.17,6.73,98.08,2310.56,112.1,1
2026-05-29 17:25:51.914513,92.33,5.36,103.09,2537.15,106.11,1
2026-05-29 18:25:51.914513,83.13,6.61,92.07,2332.67,5.41,2
2026-05-29 19:25:51.914513,86.69,7.35,107.01,2407.18,183.37,2
2026-05-29 20:25:51.914513,60.84,3.2,110.37,2608.88,99.42,0
2026-05-29 21:25:51.914513,93.71,6.01,88.33,2762.13,62.14,2
2026-05-29 22:25:51.914513,73.94,6.34,92.21,2477.95,117.44,1
2026-05-29 23:25:51.914513,65.38,2.16,98.22,2454.88,157.21,1
2026-05-30 00:25:51.914513,71.45,3.69,113.43,2089.11,42.89,0
2026-05-30 01:25:51.914513,73.96,6.3,87.72,2894.18,152.37,1
2026-05-30 02:25:51.914513,74.0,2.67,117.62,2457.57,72.95,0
2026-05-30 03:25:51.914513,87.53,3.55,106.43,2544.22,106.21,1
2026-05-30 04:25:51.914513,70.45,6.65,104.65,2108.45,183.59,1
2026-05-30 05:25:51.914513,66.9,3.14,106.06,2487.77,9.27,0
2026-05-30 06:25:51.914513,72.29,3.84,96.72,2535.2,54.39,0
2026-05-30 07:25:51.914513,86.99,5.15,81.6,2869.54,144.61,1
2026-05-30 08:25:51.914513,72.44,2.92,90.18,2587.42,174.35,1
2026-05-30 09:25:51.914513,78.36,3.73,95.59,2679.73,44.01,2
2026-05-30 10:25:51.914513,90.75,7.41,115.07,2222.35,127.74,2
2026-05-30 11:25:51.914513,87.72,5.68,116.07,2160.31,141.16,1
2026-05-30 12:25:51.914513,82.22,5.9,108.4,2857.54,47.34,1
2026-05-30 13:25:51.914513,63.93,7.74,100.12,2741.09,61.51,1
2026-05-30 14:25:51.914513,93.58,2.75,88.63,2454.88,3.66,1
2026-05-30 15:25:51.914513,61.86,5.0,109.69,2243.79,181.11,2
2026-05-30 16:25:51.914513,60.03,4.7,94.49,2687.34,16.4,0
2026-05-30 17:25:51.914513,76.33,4.28,112.76,2049.47,134.4,0
2026-05-30 18:25:51.914513,83.23,3.87,90.41,2074.41,117.18,1
2026-05-30 19:25:51.914513,77.1,2.27,85.86,2462.43,67.6,0
2026-05-30 20:25:51.914513,84.64,6.06,110.34,2220.9,82.08,1
2026-05-30 21:25:51.914513,79.88,4.22,99.5,2033.16,188.23,1
2026-05-30 22:25:51.914513,83.47,6.2,93.16,2933.76,118.36,1
2026-05-30 23:25:51.914513,77.48,4.76,91.71,2965.51,11.56,0
2026-05-31 00:25:51.914513,84.76,6.41,118.69,2203.6,18.28,1
2026-05-31 01:25:51.914513,66.81,4.06,116.03,2366.6,70.69,0
2026-05-31 02:25:51.914513,76.01,4.07,83.24,2453.68,144.28,0
2026-05-31 03:25:51.914513,72.71,2.95,92.62,2184.29,6.75,0
2026-05-31 04:25:51.914513,91.31,4.56,105.02,2926.97,136.89,1
2026-05-31 05:25:51.914513,88.6,6.87,83.15,2613.25,146.57,2
2026-05-31 06:25:51.914513,74.85,3.78,80.79,2291.87,182.24,1
2026-05-31 07:25:51.914513,69.64,6.49,100.15,2022.81,139.66,1
2026-05-31 08:25:51.914513,76.84,3.45,88.53,2176.84,94.76,0
2026-05-31 09:25:51.914513,83.42,7.11,91.48,2241.89,169.26,1
2026-05-31 10:25:51.914513,91.96,3.3,88.91,2679.7,153.01,2
2026-05-31 11:25:51.914513,90.12,4.82,98.53,2087.42,123.52,1
2026-05-31 12:25:51.914513,70.28,5.0,114.98,2291.74,6.02,0
2026-05-31 13:25:51.914513,78.84,6.42,84.44,2926.07,178.0,1
2026-05-31 14:25:51.914513,84.48,4.81,91.31,2341.33,189.24,1
2026-05-31 15:25:51.914513,89.32,7.07,115.36,2753.76,54.7,2
2026-05-31 16:25:51.914513,84.48,2.67,92.64,2142.48,12.18,1
2026-05-31 17:25:51.914513,74.8,4.2,85.84,2009.56,176.79,1
2026-05-31 18:25:51.914513,68.01,2.11,91.64,2347.4,0.42,0
2026-05-31 19:25:51.914513,85.03,2.13,112.16,2086.11,91.32,1
2026-05-31 20:25:51.914513,93.17,7.18,103.8,2682.64,163.35,2
2026-05-31 21:25:51.914513,89.36,5.34,116.39,2016.34,65.55,1
2026-05-31 22:25:51.914513,64.34,7.55,80.68,2072.41,67.68,1
2026-05-31 23:25:51.914513,85.14,5.06,113.32,2063.11,195.66,1
2026-06-01 00:25:51.914513,62.26,6.93,89.18,2468.04,60.58,1
2026-06-01 01:25:51.914513,65.79,3.68,99.51,2078.56,65.73,1
2026-06-01 02:25:51.914513,81.49,3.78,119.45,2813.77,10.63,1
2026-06-01 03:25:51.914513,81.16,4.92,101.85,2982.71,106.71,1
2026-06-01 04:25:51.914513,86.99,6.3,82.16,2413.33,25.57,2
2026-06-01 05:25:51.914513,65.72,3.56,106.94,2130.87,144.92,0
2026-06-01 06:25:51.914513,71.89,4.31,105.44,2360.75,65.01,0
2026-06-01 07:25:51.914513,82.06,5.84,109.57,2822.14,4.02,1
2026-06-01 08:25:51.914513,66.25,5.88,82.54,2767.02,94.13,1
2026-06-01 09:25:51.914513,78.89,6.78,98.85,2296.94,0.67,1
2026-06-01 10:25:51.914513,74.58,5.11,102.16,2349.64,192.28,1
2026-06-01 11:25:51.914513,61.72,2.35,108.05,2818.38,186.39,1
2026-06-01 12:25:51.914513,69.22,4.54,81.28,2661.05,101.08,0
2026-06-01 13:25:51.914513,84.67,3.43,118.42,2950.37,73.45,1
2026-06-01 14:25:51.914513,68.32,2.09,106.06,2577.54,117.77,0
2026-06-01 15:25:51.914513,70.81,7.09,113.86,2255.94,34.8,1
2026-06-01 16:25:51.914513,72.76,7.52,108.2,2505.71,9.33,1
2026-06-01 17:25:51.914513,78.03,3.13,105.83,2480.08,64.02,0
2026-06-01 18:25:51.914513,61.15,7.61,118.62,2598.65,161.33,1
2026-06-01 19:25:51.914513,60.04,3.05,107.54,2247.32,56.27,0
2026-06-01 20:25:51.914513,67.92,5.39,104.21,2922.49,104.93,1
2026-06-01 21:25:51.914513,77.41,7.36,102.95,2260.03,8.27,1
2026-06-01 22:25:51.914513,88.68,3.04,102.51,2292.28,51.09,2
2026-06-01 23:25:51.914513,66.64,7.02,107.39,2160.95,125.7,1
2026-06-02 00:25:51.914513,94.93,4.06,87.95,2813.7,16.3,1
2026-06-02 01:25:51.914513,77.35,4.06,99.81,2123.09,182.84,1
2026-06-02 02:25:51.914513,65.36,2.24,102.44,2608.72,57.85,0
2026-06-02 03:25:51.914513,84.66,3.76,87.56,2950.74,126.74,1
2026-06-02 04:25:51.914513,80.98,4.05,94.08,2606.37,46.64,1
2026-06-02 05:25:51.914513,74.92,6.99,80.5,2064.32,167.36,1
2026-06-02 06:25:51.914513,79.83,3.51,93.71,2924.54,122.2,0
2026-06-02 07:25:51.914513,80.13,6.94,99.17,2583.14,196.93,1
2026-06-02 08:25:51.914513,64.35,7.22,85.03,2552.08,89.31,1
2026-06-02 09:25:51.914513,65.67,2.33,108.28,2460.49,147.07,0
2026-06-02 10:25:51.914513,63.13,2.75,102.07,2123.65,10.95,0
2026-06-02 11:25:51.914513,62.67,6.73,97.92,2851.16,114.92,1
2026-06-02 12:25:51.914513,77.44,4.19,88.35,2442.29,122.01,0
2026-06-02 13:25:51.914513,90.36,7.84,119.85,2433.21,139.45,2
2026-06-02 14:25:51.914513,78.89,2.51,90.34,2558.69,132.22,0
2026-06-02 15:25:51.914513,69.36,4.86,89.57,2038.07,67.19,0
2026-06-02 16:25:51.914513,63.38,7.4,98.27,2672.01,64.45,2
2026-06-02 17:25:51.914513,71.83,5.87,99.45,2377.59,51.35,1
2026-06-02 18:25:51.914513,94.59,4.56,119.74,2752.12,5.33,1
2026-06-02 19:25:51.914513,68.59,5.3,84.79,2885.81,112.79,2
2026-06-02 20:25:51.914513,80.63,6.14,119.38,2272.08,145.94,1
2026-06-02 21:25:51.914513,70.01,7.85,95.71,2114.72,100.39,1
2026-06-02 22:25:51.914513,62.23,4.03,101.36,2044.25,96.46,0
2026-06-02 23:25:51.914513,66.0,5.32,84.95,2378.37,132.09,1
2026-06-03 00:25:51.914513,60.09,4.04,112.39,2047.61,154.21,1
2026-06-03 01:25:51.914513,92.03,4.8,97.79,2688.72,177.13,1
2026-06-03 02:25:51.914513,60.99,6.62,93.57,2088.74,97.3,1
2026-06-03 03:25:51.914513,71.25,5.58,90.59,2850.85,104.37,1
2026-06-03 04:25:51.914513,60.78,2.39,108.38,2626.83,5.71,0
2026-06-03 05:25:51.914513,64.39,2.77,100.32,2254.62,154.31,1
2026-06-03 06:25:51.914513,76.89,7.66,83.15,2471.33,96.99,1
2026-06-03 07:25:51.914513,75.3,2.2,113.37,2383.72,91.05,0
2026-06-03 08:25:51.914513,79.48,5.63,112.12,2136.72,68.44,1
2026-06-03 09:25:51.914513,66.93,3.4,101.15,2448.8,97.3,0
2026-06-03 10:25:51.914513,61.81,6.63,111.3,2662.69,199.38,1
2026-06-03 11:25:51.914513,82.5,7.17,99.09,2548.71,60.43,1
2026-06-03 12:25:51.914513,91.51,3.19,102.09,2694.14,194.91,1
2026-06-03 13:25:51.914513,79.42,6.2,111.19,2529.42,136.11,1
2026-06-03 14:25:51.914513,92.68,5.85,119.58,2748.6,92.8,1
2026-06-03 15:25:51.914513,87.91,7.73,89.5,2409.54,59.29,2
2026-06-03 16:25:51.914513,91.5,5.23,111.62,2870.91,109.52,1
2026-06-03 17:25:51.914513,71.4,3.84,100.46,2880.85,134.87,0
2026-06-03 18:25:51.914513,63.13,6.0,110.17,2146.59,39.18,1
2026-06-03 19:25:51.914513,81.83,2.52,114.08,2612.06,2.48,1
2026-06-03 20:25:51.914513,72.11,3.97,102.72,2707.23,29.88,0
2026-06-03 21:25:51.914513,73.86,3.46,118.91,2518.06,66.26,1
2026-06-03 22:25:51.914513,67.35,7.47,97.48,2618.41,156.79,1
2026-06-03 23:25:51.914513,72.88,5.82,88.43,2318.95,80.54,1
2026-06-04 00:25:51.914513,93.16,2.19,95.71,2964.6,130.31,1
2026-06-04 01:25:51.914513,92.55,5.82,85.0,2526.26,132.01,1
2026-06-04 02:25:51.914513,70.58,6.72,97.62,2124.93,28.36,1
2026-06-04 03:25:51.914513,93.12,2.35,99.84,2480.62,88.79,1
2026-06-04 04:25:51.914513,91.27,4.7,107.21,2464.42,13.19,1
2026-06-04 05:25:51.914513,89.53,5.72,114.63,2187.58,139.78,1
2026-06-04 06:25:51.914513,60.03,6.16,96.59,2787.08,149.15,1
2026-06-04 07:25:51.914513,84.76,2.82,98.09,2276.41,101.01,1
2026-06-04 08:25:51.914513,89.64,2.8,94.37,2976.55,89.23,1
2026-06-04 09:25:51.914513,87.07,2.79,102.04,2426.75,96.53,1
2026-06-04 10:25:51.914513,85.6,3.6,85.24,2602.16,163.65,1
2026-06-04 11:25:51.914513,86.23,5.78,104.42,2721.14,165.62,1
2026-06-04 12:25:51.914513,78.56,4.66,97.82,2319.74,74.69,0
2026-06-04 13:25:51.914513,81.27,3.9,102.52,2559.95,181.1,1
2026-06-04 14:25:51.914513,93.98,3.3,80.37,2183.33,155.64,1
2026-06-04 15:25:51.914513,82.38,2.95,95.49,2155.24,95.41,1
2026-06-04 16:25:51.914513,93.58,6.71,101.05,2597.77,159.41,2
2026-06-04 17:25:51.914513,78.37,5.26,92.44,2038.16,21.14,1
2026-06-04 18:25:51.914513,91.7,2.83,81.02,2121.19,68.16,1
2026-06-04 19:25:51.914513,82.48,4.53,85.27,2359.56,31.58,1
2026-06-04 20:25:51.914513,80.46,2.37,99.02,2546.39,41.29,1
2026-06-04 21:25:51.914513,93.54,4.11,99.54,2269.12,162.16,1
2026-06-04 22:25:51.914513,75.7,5.5,93.42,2540.08,25.7,1
2026-06-04 23:25:51.914513,82.26,4.75,116.15,2147.69,184.18,1
2026-06-05 00:25:51.914513,61.73,4.23,102.13,2927.6,68.61,0
2026-06-05 01:25:51.914513,77.53,7.89,104.79,2175.85,7.75,1
2026-06-05 02:25:51.914513,69.1,5.88,87.51,2575.43,54.52,1
2026-06-05 03:25:51.914513,84.91,3.26,108.66,2918.33,62.02,1
2026-06-05 04:25:51.914513,61.32,7.41,98.64,2355.88,98.92,1
2026-06-05 05:25:51.914513,79.5,3.16,103.09,2345.01,128.84,0
2026-06-05 06:25:51.914513,78.43,3.22,91.88,2018.35,164.5,1
2026-06-05 07:25:51.914513,68.24,3.0,105.99,2177.6,100.49,2
2026-06-05 08:25:51.914513,91.86,6.27,117.99,2466.48,68.88,2
2026-06-05 09:25:51.914513,85.59,6.35,82.41,2581.32,73.46,2
2026-06-05 10:25:51.914513,92.51,5.26,105.45,2075.56,46.52,1
2026-06-05 11:25:51.914513,86.2,6.89,118.52,2216.19,109.62,2
2026-06-05 12:25:51.914513,77.24,6.06,110.06,2781.41,78.53,1
2026-06-05 13:25:51.914513,88.95,6.36,112.72,2581.49,18.58,2
2026-06-05 14:25:51.914513,85.71,3.58,110.04,2951.5,96.17,1
2026-06-05 15:25:51.914513,73.0,2.67,103.39,2086.39,119.87,0
2026-06-05 16:25:51.914513,72.78,7.11,86.1,2469.56,133.29,1
2026-06-05 17:25:51.914513,82.52,2.27,109.08,2599.72,7.97,1
2026-06-05 18:25:51.914513,65.19,2.79,96.14,2427.52,55.33,0
2026-06-05 19:25:51.914513,82.55,5.64,103.3,2498.02,44.14,1
2026-06-05 20:25:51.914513,84.93,6.74,84.39,2693.23,87.56,1
2026-06-05 21:25:51.914513,64.5,2.49,119.93,2968.82,34.11,0
2026-06-05 22:25:51.914513,85.47,7.66,106.42,2746.42,153.05,2
2026-06-05 23:25:51.914513,88.77,7.41,95.32,2610.78,172.29,2
2026-06-06 00:25:51.914513,77.02,3.4,90.49,2065.51,71.32,0
2026-06-06 01:25:51.914513,71.94,2.44,104.48,2358.76,134.72,0
2026-06-06 02:25:51.914513,77.43,4.09,110.6,2917.49,88.52,0
2026-06-06 03:25:51.914513,92.54,4.76,84.88,2125.63,196.83,2
2026-06-06 04:25:51.914513,72.95,3.82,113.29,2605.7,60.7,1
2026-06-06 05:25:51.914513,94.87,4.37,88.26,2873.26,15.13,1
2026-06-06 06:25:51.914513,75.68,5.2,114.43,2744.67,76.58,1
2026-06-06 07:25:51.914513,87.7,2.09,107.55,2138.56,134.04,1
2026-06-06 08:25:51.914513,82.64,6.73,116.8,2724.97,28.43,1
2026-06-06 09:25:51.914513,79.47,5.94,106.71,2751.6,79.74,1
2026-06-06 10:25:51.914513,72.68,6.54,102.71,2856.64,121.27,1
2026-06-06 11:25:51.914513,93.84,7.26,115.24,2738.49,96.12,2
2026-06-06 12:25:51.914513,68.24,7.23,84.11,2447.24,5.15,1
2026-06-06 13:25:51.914513,77.06,7.06,95.21,2649.65,18.9,2
2026-06-06 14:25:51.914513,87.13,3.24,99.09,2494.6,53.87,1
2026-06-06 15:25:51.914513,69.84,7.95,101.9,2100.54,126.68,1
2026-06-06 16:25:51.914513,71.89,5.86,116.32,2046.98,149.8,1
2026-06-06 17:25:51.914513,64.43,2.26,118.37,2522.94,45.87,0
2026-06-06 18:25:51.914513,60.07,7.65,80.19,2762.49,150.41,1
2026-06-06 19:25:51.914513,72.79,3.19,105.91,2918.9,128.63,0
2026-06-06 20:25:51.914513,87.53,5.15,109.96,2318.74,188.49,1
2026-06-06 21:25:51.914513,79.74,7.66,94.11,2556.72,174.04,2
2026-06-06 22:25:51.914513,83.27,5.37,92.65,2806.82,37.76,1
2026-06-06 23:25:51.914513,61.57,5.66,81.66,2964.22,80.69,1
2026-06-07 00:25:51.914513,92.52,5.04,92.01,2066.49,79.42,1
2026-06-07 01:25:51.914513,60.45,3.93,113.53,2004.82,151.58,1
2026-06-07 02:25:51.914513,81.09,2.13,99.63,2569.81,154.41,2
2026-06-07 03:25:51.914513,80.06,4.06,107.1,2227.06,146.02,1
2026-06-07 04:25:51.914513,82.32,4.4,99.19,2507.92,190.71,1
2026-06-07 05:25:51.914513,86.36,5.6,81.62,2134.86,94.05,2
2026-06-07 06:25:51.914513,79.37,6.96,112.94,2445.36,2.88,1
2026-06-07 07:25:51.914513,91.25,3.99,99.68,2318.35,111.19,1
2026-06-07 08:25:51.914513,88.44,5.05,80.81,2355.45,31.83,1
2026-06-07 09:25:51.914513,71.25,5.46,89.24,2859.86,106.22,1
2026-06-07 10:25:51.914513,74.28,6.44,86.74,2489.58,142.83,1
2026-06-07 11:25:51.914513,71.58,4.58,84.08,2307.08,42.24,2
2026-06-07 12:25:51.914513,66.93,5.62,111.56,2847.93,68.08,1
2026-06-07 13:25:51.914513,91.93,6.4,90.1,2571.94,74.25,2
2026-06-07 14:25:51.914513,65.71,5.13,91.7,2868.06,169.58,1
2026-06-07 15:25:51.914513,86.36,6.06,112.38,2876.89,166.37,2
2026-06-07 16:25:51.914513,76.86,5.4,112.23,2039.51,174.44,1
2026-06-07 17:25:51.914513,90.16,4.44,115.58,2920.36,22.73,1
2026-06-07 18:25:51.914513,75.81,5.18,111.34,2231.62,3.27,1
2026-06-07 19:25:51.914513,66.1,3.36,103.14,2143.33,117.72,0
2026-06-07 20:25:51.914513,61.39,4.65,98.05,2686.27,22.87,0
2026-06-07 21:25:51.914513,90.53,4.25,99.75,2747.97,86.8,1
2026-06-07 22:25:51.914513,87.82,5.98,87.02,2358.22,136.34,1
2026-06-07 23:25:51.914513,71.88,3.25,104.42,2587.99,115.72,0
2026-06-08 00:25:51.914513,64.13,5.61,91.39,2737.8,157.53,1
2026-06-08 01:25:51.914513,81.82,5.31,118.58,2724.09,36.26,1
2026-06-08 02:25:51.914513,76.84,3.76,99.42,2825.26,122.06,1
2026-06-08 03:25:51.914513,77.14,3.39,111.84,2159.94,61.02,0
2026-06-08 04:25:51.914513,87.57,3.25,93.39,2708.99,178.49,1
2026-06-08 05:25:51.914513,79.09,4.74,91.55,2471.61,146.07,2
2026-06-08 06:25:51.914513,67.0,7.42,114.91,2510.98,42.22,2
2026-06-08 07:25:51.914513,89.8,5.25,113.09,2038.14,122.5,1
2026-06-08 08:25:51.914513,69.84,5.91,114.03,2338.02,192.73,1
2026-06-08 09:25:51.914513,88.77,2.07,115.53,2714.78,130.75,1
2026-06-08 10:25:51.914513,86.53,6.12,88.61,2232.75,59.18,2
2026-06-08 11:25:51.914513,82.55,3.27,107.21,2345.37,108.77,1
2026-06-08 12:25:51.914513,68.93,7.33,119.7,2402.48,194.4,1
2026-06-08 13:25:51.914513,92.43,6.82,110.78,2889.65,83.89,2
2026-06-08 14:25:51.914513,74.08,5.22,117.81,2364.3,26.57,1
2026-06-08 15:25:51.914513,84.7,6.76,80.68,2211.34,148.85,1
2026-06-08 16:25:51.914513,89.6,4.02,102.49,2658.01,30.71,1
2026-06-08 17:25:51.914513,72.96,5.22,119.03,2983.67,61.59,1
2026-06-08 18:25:51.914513,67.35,7.35,110.48,2377.59,112.6,1
2026-06-08 19:25:51.914513,83.24,2.05,118.14,2054.96,53.23,1
2026-06-08 20:25:51.914513,62.53,2.54,92.07,2519.75,142.9,0
2026-06-08 21:25:51.914513,65.76,7.66,80.84,2404.95,46.77,1
2026-06-08 22:25:51.914513,77.46,3.28,111.31,2516.13,118.73,0
2026-06-08 23:25:51.914513,80.86,7.37,113.05,2076.21,9.29,1
2026-06-09 00:25:51.914513,92.57,5.15,92.99,2081.19,125.68,1
2026-06-09 01:25:51.914513,81.6,2.42,108.53,2738.88,182.95,2
2026-06-09 02:25:51.914513,76.48,6.28,113.5,2709.38,186.8,1
2026-06-09 03:25:51.914513,92.12,2.11,117.89,2542.33,100.15,1
2026-06-09 04:25:51.914513,90.61,7.92,81.11,2800.94,49.58,1
2026-06-09 05:25:51.914513,63.87,3.76,91.54,2244.8,189.22,1
2026-06-09 06:25:51.914513,85.03,4.61,90.48,2764.01,142.24,1
2026-06-09 07:25:51.914513,71.19,7.49,80.31,2990.58,69.29,1
2026-06-09 08:25:51.914513,79.73,7.45,109.31,2542.04,110.95,1
2026-06-09 09:25:51.914513,69.84,6.99,92.31,2824.56,175.39,1
2026-06-09 10:25:51.914513,94.66,3.32,109.46,2870.35,76.72,1
2026-06-09 11:25:51.914513,85.63,7.95,97.11,2992.95,135.32,2
2026-06-09 12:25:51.914513,77.16,3.48,106.31,2275.52,181.92,1
2026-06-09 13:25:51.914513,72.24,5.38,106.1,2373.26,183.01,1
2026-06-09 14:25:51.914513,61.17,2.24,97.78,2509.73,5.74,0
2026-06-09 15:25:51.914513,60.69,5.28,91.21,2453.13,152.63,1
2026-06-09 16:25:51.914513,88.08,2.2,80.85,2663.98,88.3,1
2026-06-09 17:25:51.914513,77.63,5.72,106.55,2777.42,127.34,1
2026-06-09 18:25:51.914513,68.62,5.03,90.43,2923.67,123.74,1
2026-06-09 19:25:51.914513,93.06,7.18,90.91,2093.48,163.56,2
2026-06-09 20:25:51.914513,69.47,4.17,119.54,2659.27,87.92,0
2026-06-09 21:25:51.914513,73.36,4.65,89.73,2143.02,47.38,0
2026-06-09 22:25:51.914513,65.74,3.38,93.96,2004.4,95.68,0
2026-06-09 23:25:51.914513,64.29,7.96,118.08,2970.95,181.5,2
2026-06-10 00:25:51.914513,64.19,5.12,116.1,2196.46,72.49,1
2026-06-10 01:25:51.914513,77.17,5.2,114.8,2999.79,83.62,1
2026-06-10 02:25:51.914513,63.51,6.12,112.71,2613.46,127.57,2
2026-06-10 03:25:51.914513,62.03,3.32,115.4,2002.33,87.35,0
2026-06-10 04:25:51.914513,69.6,3.28,107.01,2735.22,53.78,0
2026-06-10 05:25:51.914513,82.26,3.61,101.46,2338.19,69.99,1
2026-06-10 06:25:51.914513,73.99,5.2,81.51,2892.77,3.19,1
2026-06-10 07:25:51.914513,82.41,3.22,119.77,2809.09,141.01,1
2026-06-10 08:25:51.914513,91.49,2.95,105.23,2047.66,4.73,1
2026-06-10 09:25:51.914513,87.27,2.85,96.85,2776.81,22.62,1
2026-06-10 10:25:51.914513,80.26,6.84,118.3,2416.94,40.49,1
2026-06-10 11:25:51.914513,88.77,2.22,93.63,2932.73,102.02,1
2026-06-10 12:25:51.914513,76.41,3.98,94.34,2678.2,61.4,0
2026-06-10 13:25:51.914513,92.23,7.46,87.22,2097.64,110.55,2
2026-06-10 14:25:51.914513,60.2,6.19,84.91,2198.13,199.29,2
2026-06-10 15:25:51.914513,87.35,4.67,114.42,2709.51,109.24,1
2026-06-10 16:25:51.914513,82.43,4.02,114.33,2600.03,106.93,1
2026-06-10 17:25:51.914513,66.32,6.88,92.99,2666.56,93.58,1
2026-06-10 18:25:51.914513,64.87,4.0,89.49,2805.62,142.0,0
2026-06-10 19:25:51.914513,62.52,7.84,87.07,2207.95,37.7,1
2026-06-10 20:25:51.914513,91.99,2.97,107.01,2671.14,71.96,1
2026-06-10 21:25:51.914513,90.87,4.4,101.63,2254.23,166.09,1
2026-06-10 22:25:51.914513,80.48,5.67,86.0,2763.26,123.16,2
2026-06-10 23:25:51.914513,84.24,3.35,85.33,2551.47,91.62,1
2026-06-11 00:25:51.914513,93.45,5.28,110.37,2918.18,99.94,1
2026-06-11 01:25:51.914513,78.07,4.6,96.86,2294.27,22.36,1
2026-06-11 02:25:51.914513,62.12,4.54,99.56,2307.6,36.96,0
2026-06-11 03:25:51.914513,68.89,3.72,96.11,2258.42,145.8,0
2026-06-11 04:25:51.914513,85.31,7.57,95.85,2077.05,173.02,2
2026-06-11 05:25:51.914513,92.76,4.26,116.58,2437.1,125.96,1
2026-06-11 06:25:51.914513,68.53,7.2,92.73,2911.33,107.25,1
2026-06-11 07:25:51.914513,88.98,6.4,105.53,2664.52,116.19,2
2026-06-11 08:25:51.914513,90.77,7.98,83.51,2438.69,29.6,2
2026-06-11 09:25:51.914513,77.75,2.69,93.18,2121.2,132.93,0
2026-06-11 10:25:51.914513,76.12,4.66,92.47,2577.54,197.5,1
2026-06-11 11:25:51.914513,72.36,2.07,98.74,2148.18,35.86,0
2026-06-11 12:25:51.914513,88.17,4.75,91.27,2889.67,23.49,1
2026-06-11 13:25:51.914513,85.49,2.89,118.48,2755.4,162.89,1
2026-06-11 14:25:51.914513,63.88,3.62,117.69,2307.2,152.74,1
2026-06-11 15:25:51.914513,64.36,5.83,83.38,2961.78,24.1,1
2026-06-11 16:25:51.914513,66.97,4.12,99.28,2868.69,73.0,0
2026-06-11 17:25:51.914513,79.45,3.29,81.38,2561.2,167.13,1
2026-06-11 18:25:51.914513,64.6,5.12,80.53,2279.43,45.86,1
2026-06-11 19:25:51.914513,70.44,4.89,82.7,2722.46,97.43,0
2026-06-11 20:25:51.914513,94.64,4.23,87.08,2215.58,36.71,1
2026-06-11 21:25:51.914513,63.22,2.79,100.5,2165.2,187.48,1
2026-06-11 22:25:51.914513,67.2,7.82,95.91,2285.61,183.12,1
2026-06-11 23:25:51.914513,67.76,3.77,88.36,2312.81,128.29,0
2026-06-12 00:25:51.914513,80.47,7.23,84.01,2079.71,53.72,1
2026-06-12 01:25:51.914513,92.18,2.79,99.32,2504.98,154.2,1
2026-06-12 02:25:51.914513,62.82,2.09,116.72,2104.55,186.03,1
2026-06-12 03:25:51.914513,86.35,5.19,89.97,2006.67,54.25,1
2026-06-12 04:25:51.914513,78.34,3.98,95.59,2628.77,73.47,0
2026-06-12 05:25:51.914513,80.81,6.32,101.25,2937.36,161.71,1
2026-06-12 06:25:51.914513,72.83,4.8,108.53,2290.8,37.8,0
2026-06-12 07:25:51.914513,83.39,4.02,81.61,2084.2,129.71,1
2026-06-12 08:25:51.914513,92.38,5.14,98.86,2730.7,57.34,2
2026-06-12 09:25:51.914513,65.71,5.72,105.92,2433.23,34.62,1
2026-06-12 10:25:51.914513,73.0,4.93,82.2,2007.17,84.51,0
2026-06-12 11:25:51.914513,70.94,4.73,82.22,2992.07,97.74,2
2026-06-12 12:25:51.914513,81.69,2.18,117.41,2233.48,69.14,1
2026-06-12 13:25:51.914513,83.33,7.92,108.18,2114.83,32.57,1
2026-06-12 14:25:51.914513,79.37,6.63,95.28,2031.69,182.73,1
2026-06-12 15:25:51.914513,76.98,2.52,85.67,2281.6,51.42,0
2026-06-12 16:25:51.914513,81.91,2.26,117.22,2096.85,140.27,1
2026-06-12 17:25:51.914513,82.44,7.02,114.13,2106.19,118.34,1
2026-06-12 18:25:51.914513,78.87,4.02,81.32,2124.39,50.62,0
2026-06-12 19:25:51.914513,70.65,7.01,111.06,2445.95,190.22,1
2026-06-12 20:25:51.914513,69.31,5.34,114.61,2637.03,91.48,1
2026-06-12 21:25:51.914513,63.95,6.52,84.76,2671.47,170.86,1
2026-06-12 22:25:51.914513,67.01,4.45,114.68,2678.67,51.63,0
2026-06-12 23:25:51.914513,76.6,4.16,115.13,2808.58,149.66,2
2026-06-13 00:25:51.914513,72.71,4.63,99.67,2539.45,189.48,1
2026-06-13 01:25:51.914513,72.54,4.34,98.22,2100.54,134.85,0
2026-06-13 02:25:51.914513,70.53,3.1,87.26,2323.79,160.71,1
2026-06-13 03:25:51.914513,72.69,6.83,114.59,2722.33,97.4,1
2026-06-13 04:25:51.914513,82.68,4.84,117.86,2150.27,150.09,1
2026-06-13 05:25:51.914513,63.13,6.99,88.9,2828.25,47.04,1
2026-06-13 06:25:51.914513,84.17,6.41,86.14,2949.26,109.32,1
2026-06-13 07:25:51.914513,64.87,7.12,102.9,2626.59,162.34,1
2026-06-13 08:25:51.914513,69.92,5.7,110.56,2862.53,105.62,1
2026-06-13 09:25:51.914513,82.74,6.03,80.96,2042.95,86.82,1
2026-06-13 10:25:51.914513,72.51,4.3,82.23,2620.7,68.09,0
2026-06-13 11:25:51.914513,87.25,2.53,109.29,2490.25,7.09,1
2026-06-13 12:25:51.914513,74.66,2.8,103.99,2838.81,109.94,0
2026-06-13 13:25:51.914513,86.04,2.65,85.66,2186.41,85.65,1
2026-06-13 14:25:51.914513,75.07,7.15,90.03,2674.28,73.01,1
2026-06-13 15:25:51.914513,80.17,2.04,102.06,2809.58,22.12,1
2026-06-13 16:25:51.914513,82.32,7.98,105.02,2451.5,66.14,1
2026-06-13 17:25:51.914513,87.66,5.63,103.94,2059.09,59.71,1
2026-06-13 18:25:51.914513,90.23,6.63,97.02,2077.09,141.64,2
2026-06-13 19:25:51.914513,73.58,2.43,86.77,2967.54,160.64,1
2026-06-13 20:25:51.914513,88.75,6.31,110.84,2714.17,179.49,1
2026-06-13 21:25:51.914513,92.95,3.68,103.03,2692.77,57.76,1
2026-06-13 22:25:51.914513,77.29,3.16,104.32,2190.21,84.52,0
2026-06-13 23:25:51.914513,67.57,5.18,114.03,2702.57,196.51,1
2026-06-14 00:25:51.914513,80.04,5.58,117.23,2528.37,131.62,1
2026-06-14 01:25:51.914513,68.38,5.54,111.75,2622.99,11.42,1
2026-06-14 02:25:51.914513,72.22,7.15,84.81,2604.18,16.59,2
2026-06-14 03:25:51.914513,93.1,2.25,117.36,2829.25,83.35,1
2026-06-14 04:25:51.914513,93.04,4.24,86.98,2678.49,132.6,1
2026-06-14 05:25:51.914513,60.83,2.01,105.31,2851.94,97.66,0
2026-06-14 06:25:51.914513,72.3,4.09,96.53,2090.16,25.36,1
2026-06-14 07:25:51.914513,61.82,7.57,111.8,2018.96,45.95,1
2026-06-14 08:25:51.914513,65.16,4.25,113.7,2553.62,160.37,1
2026-06-14 09:25:51.914513,89.27,4.42,89.11,2086.98,191.88,1
2026-06-14 10:25:51.914513,76.07,2.71,94.49,2240.01,15.54,0
2026-06-14 11:25:51.914513,64.14,4.36,96.84,2168.13,121.87,0
2026-06-14 12:25:51.914513,63.75,4.44,109.54,2502.35,192.92,1
2026-06-14 13:25:51.914513,61.49,2.76,84.14,2172.62,15.39,0
2026-06-14 14:25:51.914513,71.7,6.23,80.01,2721.15,1.13,1
2026-06-14 15:25:51.914513,78.6,7.15,84.9,2514.18,35.68,2
2026-06-14 16:25:51.914513,88.78,4.91,84.14,2566.42,117.82,1
2026-06-14 17:25:51.914513,90.69,3.02,118.45,2577.57,0.96,1
2026-06-14 18:25:51.914513,84.83,7.28,97.61,2273.49,81.98,1
2026-06-14 19:25:51.914513,87.95,2.28,85.72,2678.38,52.36,1
2026-06-14 20:25:51.914513,93.77,3.13,100.37,2458.26,59.76,1
2026-06-14 21:25:51.914513,86.57,5.31,91.66,2708.26,79.39,1
2026-06-14 22:25:51.914513,92.1,2.64,98.33,2111.09,124.42,1
2026-06-14 23:25:51.914513,64.82,2.59,115.88,2129.35,115.54,0
2026-06-15 00:25:51.914513,61.69,6.59,85.53,2373.8,109.38,1
2026-06-15 01:25:51.914513,89.88,4.26,110.69,2579.19,127.75,1
2026-06-15 02:25:51.914513,74.29,7.98,114.0,2158.8,110.57,1
2026-06-15 03:25:51.914513,91.39,6.73,92.09,2392.25,34.62,2
2026-06-15 04:25:51.914513,80.19,3.0,89.23,2763.54,188.57,1
2026-06-15 05:25:51.914513,68.15,7.39,117.82,2906.75,173.59,1
2026-06-15 06:25:51.914513,69.22,5.5,109.99,2031.35,145.1,1
2026-06-15 07:25:51.914513,82.52,2.91,83.38,2957.24,165.28,1
2026-06-15 08:25:51.914513,89.88,5.57,84.14,2104.43,169.25,1
2026-06-15 09:25:51.914513,92.68,7.52,101.66,2686.28,183.29,2
2026-06-15 10:25:51.914513,88.61,7.28,88.43,2216.95,109.59,2
2026-06-15 11:25:51.914513,82.57,6.1,96.28,2655.95,21.79,1
2026-06-15 12:25:51.914513,68.37,7.67,115.55,2270.63,157.84,2
2026-06-15 13:25:51.914513,66.59,6.42,97.92,2197.7,95.39,2
2026-06-15 14:25:51.914513,70.84,7.29,119.69,2398.48,117.34,1
2026-06-15 15:25:51.914513,89.08,6.79,105.78,2921.64,129.51,2
2026-06-15 16:25:51.914513,94.92,3.43,96.13,2391.1,43.56,1
2026-06-15 17:25:51.914513,62.22,4.67,105.12,2150.02,60.5,0
2026-06-15 18:25:51.914513,74.63,4.44,82.61,2159.35,102.35,0
2026-06-15 19:25:51.914513,65.28,7.12,97.72,2827.8,35.68,1
2026-06-15 20:25:51.914513,89.81,7.44,88.85,2814.76,190.9,2
2026-06-15 21:25:51.914513,85.29,5.27,107.88,2565.39,68.51,1
2026-06-15 22:25:51.914513,76.2,3.95,89.05,2090.28,24.84,0
2026-06-15 23:25:51.914513,69.26,3.02,105.39,2400.28,50.42,0
2026-06-16 00:25:51.914513,89.68,7.24,100.51,2217.86,51.75,1
2026-06-16 01:25:51.914513,63.0,6.64,97.15,2608.98,0.18,1
2026-06-16 02:25:51.914513,70.99,2.64,83.21,2190.26,6.54,0
2026-06-16 03:25:51.914513,75.12,4.76,103.66,2411.67,132.48,2
2026-06-16 04:25:51.914513,76.51,2.76,110.56,2692.41,183.71,1
2026-06-16 05:25:51.914513,79.5,4.39,94.5,2667.4,162.35,1
2026-06-16 06:25:51.914513,78.95,2.47,100.85,2342.67,191.68,1
2026-06-16 07:25:51.914513,83.71,6.6,110.09,2581.03,59.38,1
2026-06-16 08:25:51.914513,80.64,6.83,103.24,2193.8,18.68,1
2026-06-16 09:25:51.914513,64.98,2.8,116.9,2256.69,174.63,1
2026-06-16 10:25:51.914513,77.18,7.59,89.81,2470.13,50.06,1
2026-06-16 11:25:51.914513,83.7,3.36,95.09,2131.35,44.02,1
2026-06-16 12:25:51.914513,72.77,2.9,97.07,2704.22,51.16,0
2026-06-16 13:25:51.914513,72.29,6.8,90.98,2839.09,4.13,1
2026-06-16 14:25:51.914513,77.51,4.25,93.57,2169.46,27.6,0
2026-06-16 15:25:51.914513,73.31,7.48,100.72,2384.97,56.98,1
2026-06-16 16:25:51.914513,63.37,4.7,97.6,2782.23,172.79,1
2026-06-16 17:25:51.914513,71.33,6.91,102.28,2823.35,88.66,1
2026-06-16 18:25:51.914513,84.67,4.13,80.68,2089.8,91.64,1
2026-06-16 19:25:51.914513,83.19,6.9,96.86,2342.5,107.46,1
2026-06-16 20:25:51.914513,80.31,6.69,107.92,2643.4,15.56,1
2026-06-16 21:25:51.914513,84.55,2.0,91.72,2999.32,182.94,1
2026-06-16 22:25:51.914513,83.81,4.53,86.6,2431.41,54.89,1
2026-06-16 23:25:51.914513,60.44,6.85,91.48,2728.48,2.62,1
2026-06-17 00:25:51.914513,89.11,3.76,87.36,2094.19,85.95,1
2026-06-17 01:25:51.914513,74.44,4.37,90.38,2196.13,72.84,0
2026-06-17 02:25:51.914513,88.91,7.93,113.18,2105.31,102.74,1
2026-06-17 03:25:51.914513,92.89,3.82,100.19,2258.46,74.74,1
2026-06-17 04:25:51.914513,60.7,3.53,85.68,2309.27,17.24,0
2026-06-17 05:25:51.914513,88.11,7.66,99.83,2925.69,141.2,2
2026-06-17 06:25:51.914513,60.98,4.77,117.46,2851.13,133.59,1
2026-06-17 07:25:51.914513,60.33,7.18,80.71,2529.45,93.22,1
2026-06-17 08:25:51.914513,62.37,7.56,87.27,2170.95,199.06,1
2026-06-17 09:25:51.914513,89.36,4.26,117.74,2580.5,78.92,1
2026-06-17 10:25:51.914513,85.17,5.31,98.02,2385.81,51.38,1
2026-06-17 11:25:51.914513,77.43,4.89,103.06,2962.9,42.0,0
2026-06-17 12:25:51.914513,84.73,2.45,91.54,2088.15,51.16,1
2026-06-17 13:25:51.914513,66.43,7.5,91.19,2015.36,35.51,1
2026-06-17 14:25:51.914513,80.55,4.75,95.04,2962.3,85.61,1
2026-06-17 15:25:51.914513,67.76,4.52,85.73,2953.99,162.79,1
2026-06-17 16:25:51.914513,65.46,7.85,98.38,2587.26,3.29,1
2026-06-17 17:25:51.914513,76.43,6.36,89.92,2530.52,75.87,1
2026-06-17 18:25:51.914513,67.03,4.09,110.56,2088.68,46.07,0
2026-06-17 19:25:51.914513,91.69,3.6,93.6,2130.54,128.27,1
2026-06-17 20:25:51.914513,67.52,6.49,95.44,2419.25,129.69,1
2026-06-17 21:25:51.914513,68.59,4.83,83.29,2915.15,110.34,2
2026-06-17 22:25:51.914513,94.08,7.86,95.19,2090.95,154.23,1
2026-06-17 23:25:51.914513,88.7,7.1,99.28,2858.81,143.24,2
2026-06-18 00:25:51.914513,86.32,7.61,87.11,2205.8,47.43,2
2026-06-18 01:25:51.914513,83.47,7.78,85.92,2518.57,98.91,2
2026-06-18 02:25:51.914513,94.55,5.22,83.1,2561.07,59.97,1
2026-06-18 03:25:51.914513,79.09,7.43,111.19,2173.96,5.85,1
2026-06-18 04:25:51.914513,83.16,6.38,102.9,2332.45,37.77,1
2026-06-18 05:25:51.914513,79.48,7.48,102.58,2023.01,118.33,1
2026-06-18 06:25:51.914513,94.98,2.08,85.0,2722.43,100.16,1
2026-06-18 07:25:51.914513,69.31,5.9,114.95,2104.37,34.63,1
2026-06-18 08:25:51.914513,90.54,7.95,85.35,2899.34,180.91,1
2026-06-18 09:25:51.914513,65.4,5.37,101.62,2330.89,98.63,1
2026-06-18 10:25:51.914513,76.32,6.08,84.63,2782.6,108.5,1
2026-06-18 11:25:51.914513,72.04,2.45,85.24,2965.89,155.5,1
2026-06-18 12:25:51.914513,89.32,2.63,117.09,2838.38,89.66,1
2026-06-18 13:25:51.914513,87.43,5.53,87.1,2202.75,94.83,1
2026-06-18 14:25:51.914513,82.05,7.52,112.62,2134.64,55.85,1
2026-06-18 15:25:51.914513,71.83,3.17,85.97,2146.37,93.76,0
2026-06-18 16:25:51.914513,80.66,4.93,107.41,2455.58,189.49,1
2026-06-18 17:25:51.914513,66.49,4.93,89.99,2188.47,72.53,0
2026-06-18 18:25:51.914513,90.08,2.72,105.87,2738.87,138.69,1
2026-06-18 19:25:51.914513,63.36,7.95,92.91,2117.85,168.56,1
2026-06-18 20:25:51.914513,63.79,2.79,113.23,2277.09,131.36,0
2026-06-18 21:25:51.914513,80.29,7.87,85.74,2560.57,115.69,1
2026-06-18 22:25:51.914513,61.65,2.81,109.96,2680.37,193.95,1
2026-06-18 23:25:51.914513,76.05,3.59,102.63,2053.79,20.94,0
2026-06-19 00:25:51.914513,64.8,7.96,92.71,2423.75,51.48,1
2026-06-19 01:25:51.914513,63.23,6.49,115.15,2993.82,58.7,1
2026-06-19 02:25:51.914513,64.73,3.35,118.42,2213.53,88.26,0
2026-06-19 03:25:51.914513,65.46,3.63,92.55,2404.61,67.51,0
2026-06-19 04:25:51.914513,66.23,5.26,81.37,2890.33,146.42,1
2026-06-19 05:25:51.914513,90.5,5.35,86.7,2349.86,55.66,1
2026-06-19 06:25:51.914513,72.04,6.47,115.98,2202.69,117.9,1
2026-06-19 07:25:51.914513,90.76,3.82,107.82,2541.52,10.35,2
2026-06-19 08:25:51.914513,60.65,3.48,85.68,2281.65,196.88,1
2026-06-19 09:25:51.914513,60.72,7.81,91.91,2677.87,19.47,1
2026-06-19 10:25:51.914513,75.17,7.7,107.98,2717.39,61.63,1
2026-06-19 11:25:51.914513,79.85,5.33,104.43,2816.08,44.84,1
2026-06-19 12:25:51.914513,61.23,5.41,96.77,2532.01,114.51,1
2026-06-19 13:25:51.914513,61.89,6.91,105.53,2819.58,79.0,1
2026-06-19 14:25:51.914513,90.89,4.46,112.5,2844.44,167.79,1
2026-06-19 15:25:51.914513,83.58,4.72,106.95,2215.98,81.55,1
2026-06-19 16:25:51.914513,64.37,3.85,119.02,2778.08,162.67,1
2026-06-19 17:25:51.914513,65.02,5.54,97.63,2281.46,108.3,1
2026-06-19 18:25:51.914513,62.92,7.85,117.26,2170.77,82.91,1
2026-06-19 19:25:51.914513,79.79,3.97,115.63,2213.53,47.1,0
2026-06-19 20:25:51.914513,70.23,2.63,81.39,2892.3,170.37,2
2026-06-19 21:25:51.914513,82.99,3.92,115.4,2834.16,21.88,1
2026-06-19 22:25:51.914513,65.94,7.55,103.72,2096.91,13.63,1
2026-06-19 23:25:51.914513,67.11,3.96,83.72,2967.78,83.59,2
2026-06-20 00:25:51.914513,92.55,6.46,112.95,2745.52,26.78,2
2026-06-20 01:25:51.914513,84.61,7.84,97.54,2004.5,67.04,1
2026-06-20 02:25:51.914513,83.16,3.0,94.67,2642.72,58.85,1
2026-06-20 03:25:51.914513,79.39,3.15,93.49,2207.26,25.76,0
2026-06-20 04:25:51.914513,60.63,7.78,115.19,2055.65,83.67,1
2026-06-20 05:25:51.914513,83.3,3.57,100.75,2844.07,71.4,1
2026-06-20 06:25:51.914513,65.6,2.36,93.33,2250.74,39.87,1
2026-06-20 07:25:51.914513,81.96,4.61,97.21,2127.7,159.11,1
2026-06-20 08:25:51.914513,72.63,2.38,116.88,2754.53,17.43,0
2026-06-20 09:25:51.914513,69.76,2.85,93.37,2963.73,193.78,1
2026-06-20 10:25:51.914513,88.19,3.55,85.47,2874.38,141.3,1
2026-06-20 11:25:51.914513,69.77,6.87,117.15,2445.38,67.48,1
2026-06-20 12:25:51.914513,71.76,3.48,115.61,2398.48,133.43,1
2026-06-20 13:25:51.914513,76.52,7.15,93.16,2771.68,103.0,1
2026-06-20 14:25:51.914513,87.41,7.39,107.69,2560.55,22.97,2
2026-06-20 15:25:51.914513,82.37,7.24,88.87,2720.32,135.34,1
2026-06-20 16:25:51.914513,64.24,5.25,113.47,2687.97,127.09,1
2026-06-20 17:25:51.914513,71.8,4.65,117.12,2868.1,124.44,0
2026-06-20 18:25:51.914513,61.42,2.67,97.66,2793.51,60.82,0
2026-06-20 19:25:51.914513,73.22,7.0,112.2,2989.47,189.11,1
2026-06-20 20:25:51.914513,66.99,3.96,94.41,2647.0,118.0,1
2026-06-20 21:25:51.914513,69.09,6.94,103.4,2461.57,57.86,1
2026-06-20 22:25:51.914513,65.1,5.89,102.26,2218.97,61.79,1
2026-06-20 23:25:51.914513,79.15,5.12,86.28,2421.47,19.81,1
